start_frame	end_frame	note
86	86	tape_clip_value
91	91	tape_clip_value
1532	1533	tape_clip_value
1549	1549	tape_clip_value
1552	1552	tape_clip_value
1554	1555	tape_clip_value
1557	1559	tape_clip_value
1562	1563	tape_clip_value
1565	1566	tape_clip_value
1609	1609	tape_clip_value
1613	1614	tape_clip_value
2053	2053	tape_clip_value
2059	2060	tape_clip_value
2742	2742	tape_clip_value
2752	2756	tape_clip_value
2760	2762	tape_clip_value
3202	3202	tape_clip_value
3785	3786	tape_clip_value
3790	3790	tape_clip_value
3799	3801	tape_clip_value
3803	3804	tape_clip_value
3807	3807	tape_clip_value
3811	3811	tape_clip_value
3814	3814	tape_clip_value
3822	3822	tape_clip_value
3825	3826	tape_clip_value
3872	3872	tape_clip_value
3875	3875	tape_clip_value
3894	3894	tape_clip_value
3903	3903	tape_clip_value
3939	3940	tape_clip_value
3943	3943	tape_clip_value
3998	3998	tape_clip_value
4052	4052	tape_clip_value
4055	4055	tape_clip_value
4058	4059	tape_clip_value
4115	4115	tape_clip_value
4117	4117	tape_clip_value
4592	4592	tape_clip_value
4601	4602	tape_clip_value
4605	4605	tape_clip_value
4613	4613	tape_clip_value
4620	4620	tape_clip_value
4633	4634	tape_clip_value
4638	4638	tape_clip_value
4640	4640	tape_clip_value
4687	4687	tape_clip_value
4692	4693	tape_clip_value
4695	4695	tape_clip_value
6025	6025	tape_clip_value
6028	6028	tape_clip_value
6076	6077	tape_clip_value
6095	6095	tape_clip_value
6186	6187	tape_clip_value
6190	6193	tape_clip_value
6197	6198	tape_clip_value
6342	6342	tape_clip_value
6360	6360	tape_clip_value
6379	6379	tape_clip_value
6399	6400	tape_clip_value
6412	6412	tape_clip_value
6419	6419	tape_clip_value
6515	6515	tape_clip_value
6529	6529	tape_clip_value
6535	6535	tape_clip_value
6558	6559	tape_clip_value
6561	6563	tape_clip_value
6567	6567	tape_clip_value
6569	6569	tape_clip_value
6612	6612	tape_clip_value
6674	6674	tape_clip_value
7350	7350	tape_clip_value
7353	7353	tape_clip_value
7355	7356	tape_clip_value
7358	7358	tape_clip_value
7364	7364	tape_clip_value
7368	7368	tape_clip_value
7370	7371	tape_clip_value
7376	7378	tape_clip_value
7382	7382	tape_clip_value
7384	7384	tape_clip_value
7386	7386	tape_clip_value
7389	7389	tape_clip_value
7396	7396	tape_clip_value
7407	7407	tape_clip_value
7415	7415	tape_clip_value
7418	7418	tape_clip_value
7422	7422	tape_clip_value
7425	7425	tape_clip_value
7431	7431	tape_clip_value
7433	7433	tape_clip_value
7454	7454	tape_clip_value
7461	7461	tape_clip_value
7464	7464	tape_clip_value
7468	7468	tape_clip_value
7470	7471	tape_clip_value
7481	7481	tape_clip_value
7484	7486	tape_clip_value
7492	7492	tape_clip_value
7541	7541	tape_clip_value
7601	7602	tape_clip_value
7608	7608	tape_clip_value
7614	7614	tape_clip_value
7617	7618	tape_clip_value
7842	7843	tape_clip_value
7875	7875	tape_clip_value
7877	7879	tape_clip_value
7886	7886	tape_clip_value
7894	7894	tape_clip_value
7900	7900	tape_clip_value
7912	7912	tape_clip_value
7939	7939	tape_clip_value
7941	7942	tape_clip_value
7950	7950	tape_clip_value
7952	7952	tape_clip_value
7977	7977	tape_clip_value
8171	8172	tape_clip_value
8174	8176	tape_clip_value
8178	8178	tape_clip_value
9000	9000	tape_clip_value
9002	9003	tape_clip_value
9010	9010	tape_clip_value
11453	11453	tape_clip_value
11492	11492	tape_clip_value
11495	11496	tape_clip_value
11504	11504	tape_clip_value
11517	11519	tape_clip_value
13454	13454	tape_clip_value
13457	13457	tape_clip_value
14724	14724	tape_clip_value
14726	14726	tape_clip_value
16287	16287	tape_clip_value
16290	16291	tape_clip_value
17296	17297	tape_clip_value
17309	17309	tape_clip_value
17372	17373	tape_clip_value
17942	17945	tape_clip_value
17971	17971	tape_clip_value
17979	17982	tape_clip_value
17984	17984	tape_clip_value
17987	17987	tape_clip_value
17989	17990	tape_clip_value
17992	17992	tape_clip_value
17994	17994	tape_clip_value
17996	17998	tape_clip_value
18005	18009	tape_clip_value
18012	18012	tape_clip_value
18014	18017	tape_clip_value
18030	18030	tape_clip_value
18072	18072	tape_clip_value
18075	18076	tape_clip_value
18078	18078	tape_clip_value
19431	19431	tape_clip_value
19439	19439	tape_clip_value
23377	23378	tape_clip_value
23392	23392	tape_clip_value
23411	23411	tape_clip_value
23437	23438	tape_clip_value
23444	23445	tape_clip_value
23456	23458	tape_clip_value
23462	23462	tape_clip_value
23467	23468	tape_clip_value
23470	23470	tape_clip_value
23475	23475	tape_clip_value
23478	23478	tape_clip_value
23490	23490	tape_clip_value
23503	23503	tape_clip_value
23855	23855	tape_clip_value
23858	23858	tape_clip_value
23875	23876	tape_clip_value
23879	23880	tape_clip_value
23890	23890	tape_clip_value
23893	23893	tape_clip_value
23899	23901	tape_clip_value
23903	23903	tape_clip_value
25161	25162	tape_clip_value
25178	25178	tape_clip_value
26496	26497	tape_clip_value
26746	26746	tape_clip_value
26763	26764	tape_clip_value
26839	26839	tape_clip_value
26842	26843	tape_clip_value
26851	26851	tape_clip_value
26853	26853	tape_clip_value
26856	26856	tape_clip_value
26862	26864	tape_clip_value
26866	26867	tape_clip_value
26869	26869	tape_clip_value
26895	26896	tape_clip_value
27339	27340	tape_clip_value
27800	27800	tape_clip_value
27808	27808	tape_clip_value
27810	27811	tape_clip_value
27813	27813	tape_clip_value
27945	27946	tape_clip_value
27948	27948	tape_clip_value
27950	27950	tape_clip_value
27962	27962	tape_clip_value
27973	27974	tape_clip_value
27980	27981	tape_clip_value
27985	27985	tape_clip_value
27994	27996	tape_clip_value
28037	28037	tape_clip_value
28049	28049	tape_clip_value
28051	28051	tape_clip_value
28054	28054	tape_clip_value
28056	28056	tape_clip_value
28058	28058	tape_clip_value
28062	28062	tape_clip_value
28079	28079	tape_clip_value
28270	28271	tape_clip_value
28310	28311	tape_clip_value
28313	28313	tape_clip_value
28933	28933	tape_clip_value
30008	30008	tape_clip_value
30011	30012	tape_clip_value
30049	30049	tape_clip_value
30282	30284	tape_clip_value
30288	30288	tape_clip_value
30290	30291	tape_clip_value
30308	30309	tape_clip_value
30311	30313	tape_clip_value
31025	31025	tape_clip_value
31028	31028	tape_clip_value
31045	31046	tape_clip_value
31048	31049	tape_clip_value
31052	31052	tape_clip_value
31057	31058	tape_clip_value
31060	31061	tape_clip_value
31064	31065	tape_clip_value
31068	31068	tape_clip_value
31070	31070	tape_clip_value
31073	31077	tape_clip_value
31079	31080	tape_clip_value
31084	31084	tape_clip_value
31088	31089	tape_clip_value
31111	31112	tape_clip_value
31114	31115	tape_clip_value
31141	31141	tape_clip_value
31143	31144	tape_clip_value
31146	31146	tape_clip_value
31151	31151	tape_clip_value
31169	31183	tape_clip_value
31201	31208	tape_clip_value
31210	31215	tape_clip_value
31218	31221	tape_clip_value
31224	31236	tape_clip_value
31238	31240	tape_clip_value
31242	31248	tape_clip_value
31250	31253	tape_clip_value
31255	31257	tape_clip_value
31259	31263	tape_clip_value
31265	31269	tape_clip_value
31271	31272	tape_clip_value
31275	31277	tape_clip_value
31280	31281	tape_clip_value
31284	31290	tape_clip_value
31292	31297	tape_clip_value
31300	31301	tape_clip_value
31303	31307	tape_clip_value
31309	31309	tape_clip_value
31311	31311	tape_clip_value
31313	31315	tape_clip_value
31317	31317	tape_clip_value
31320	31323	tape_clip_value
31325	31325	tape_clip_value
31327	31328	tape_clip_value
31333	31334	tape_clip_value
31339	31347	tape_clip_value
31349	31350	tape_clip_value
31357	31357	tape_clip_value
31360	31362	tape_clip_value
31364	31370	tape_clip_value
31372	31372	tape_clip_value
31377	31377	tape_clip_value
31393	31393	tape_clip_value
31395	31395	tape_clip_value
31398	31398	tape_clip_value
31408	31408	tape_clip_value
31410	31410	tape_clip_value
31414	31414	tape_clip_value
31422	31423	tape_clip_value
31427	31427	tape_clip_value
31433	31433	tape_clip_value
31435	31435	tape_clip_value
31437	31438	tape_clip_value
31440	31440	tape_clip_value
31442	31442	tape_clip_value
31447	31447	tape_clip_value
31454	31454	tape_clip_value
31457	31457	tape_clip_value
31459	31459	tape_clip_value
31467	31467	tape_clip_value
31469	31469	tape_clip_value
31471	31471	tape_clip_value
31482	31484	tape_clip_value
31486	31486	tape_clip_value
31489	31490	tape_clip_value
31500	31501	tape_clip_value
31505	31505	tape_clip_value
31507	31507	tape_clip_value
31510	31510	tape_clip_value
31513	31513	tape_clip_value
31516	31537	tape_clip_value
31539	31543	tape_clip_value
31545	31545	tape_clip_value
31550	31555	tape_clip_value
31557	31565	tape_clip_value
31567	31574	tape_clip_value
31578	31579	tape_clip_value
31587	31587	tape_clip_value
31596	31597	tape_clip_value
31607	31608	tape_clip_value
31622	31631	tape_clip_value
31633	31633	tape_clip_value
31635	31645	tape_clip_value
31651	31673	tape_clip_value
31675	31675	tape_clip_value
31688	31688	tape_clip_value
31692	31692	tape_clip_value
31694	31694	tape_clip_value
31701	31701	tape_clip_value
31785	31785	tape_clip_value
31793	31793	tape_clip_value
31838	31838	tape_clip_value
31840	31840	tape_clip_value
31845	31846	tape_clip_value
31848	31848	tape_clip_value
31871	31872	tape_clip_value
31874	31875	tape_clip_value
31879	31879	tape_clip_value
31881	31881	tape_clip_value
31891	31891	tape_clip_value
31900	31900	tape_clip_value
31910	31910	tape_clip_value
31912	31914	tape_clip_value
31916	31917	tape_clip_value
31919	31919	tape_clip_value
31924	31927	tape_clip_value
31929	31933	tape_clip_value
31937	31938	tape_clip_value
31941	31942	tape_clip_value
31945	31945	tape_clip_value
31948	31948	tape_clip_value
32142	32142	tape_clip_value
32509	32509	tape_clip_value
32516	32516	tape_clip_value
32524	32525	tape_clip_value
32557	32559	tape_clip_value
32562	32562	tape_clip_value
32574	32575	tape_clip_value
32580	32580	tape_clip_value
32584	32584	tape_clip_value
32587	32587	tape_clip_value
32589	32589	tape_clip_value
32610	32610	tape_clip_value
32614	32614	tape_clip_value
32616	32617	tape_clip_value
32619	32621	tape_clip_value
32625	32625	tape_clip_value
32627	32627	tape_clip_value
32629	32630	tape_clip_value
32635	32636	tape_clip_value
32643	32643	tape_clip_value
32650	32650	tape_clip_value
32653	32657	tape_clip_value
32659	32659	tape_clip_value
32661	32663	tape_clip_value
32670	32670	tape_clip_value
32716	32716	tape_clip_value
32739	32739	tape_clip_value
32744	32744	tape_clip_value
32747	32747	tape_clip_value
32750	32751	tape_clip_value
32760	32760	tape_clip_value
32762	32762	tape_clip_value
32764	32764	tape_clip_value
32767	32768	tape_clip_value
32777	32777	tape_clip_value
32781	32783	tape_clip_value
32785	32785	tape_clip_value
32793	32793	tape_clip_value
32796	32797	tape_clip_value
32885	32885	tape_clip_value
32887	32888	tape_clip_value
32896	32896	tape_clip_value
33161	33161	tape_clip_value
33905	33905	tape_clip_value
33925	33926	tape_clip_value
33929	33929	tape_clip_value
33940	33940	tape_clip_value
34163	34163	tape_clip_value
34166	34166	tape_clip_value
35884	35884	tape_clip_value
35886	35887	tape_clip_value
35890	35890	tape_clip_value
35892	35895	tape_clip_value
35897	35898	tape_clip_value
35901	35902	tape_clip_value
35905	35905	tape_clip_value
36049	36049	tape_clip_value
36093	36094	tape_clip_value
36114	36114	tape_clip_value
36120	36123	tape_clip_value
36323	36323	tape_clip_value
36326	36326	tape_clip_value
37161	37161	tape_clip_value
37178	37179	tape_clip_value
39470	39471	tape_clip_value
39478	39478	tape_clip_value
39481	39482	tape_clip_value
39510	39511	tape_clip_value
39516	39518	tape_clip_value
39525	39525	tape_clip_value
39527	39528	tape_clip_value
39531	39532	tape_clip_value
39534	39535	tape_clip_value
39537	39538	tape_clip_value
39540	39542	tape_clip_value
39544	39544	tape_clip_value
39546	39546	tape_clip_value
39550	39550	tape_clip_value
39552	39552	tape_clip_value
39573	39575	tape_clip_value
39592	39592	tape_clip_value
39769	39769	tape_clip_value
39771	39771	tape_clip_value
46070	46070	tape_clip_value
46072	46073	tape_clip_value
47091	47091	tape_clip_value
47098	47100	tape_clip_value
47102	47102	tape_clip_value
47450	47451	tape_clip_value
47453	47453	tape_clip_value
47464	47465	tape_clip_value
48052	48052	tape_clip_value
48659	48662	tape_clip_value
49315	49319	tape_clip_value
49322	49327	tape_clip_value
49354	49354	tape_clip_value
49859	49859	tape_clip_value
50006	50006	tape_clip_value
50663	50664	tape_clip_value
51418	51418	tape_clip_value
51626	51629	tape_clip_value
52385	52386	tape_clip_value
52676	52676	tape_clip_value
52699	52699	tape_clip_value
53315	53315	tape_clip_value
53318	53318	tape_clip_value
53416	53417	tape_clip_value
54153	54155	tape_clip_value
54487	54487	tape_clip_value
54490	54490	tape_clip_value
54599	54599	tape_clip_value
54933	54933	tape_clip_value
54962	54963	tape_clip_value
54966	54967	tape_clip_value
54971	54971	tape_clip_value
54985	54985	tape_clip_value
55595	55595	tape_clip_value
56225	56225	tape_clip_value
56233	56233	tape_clip_value
56458	56458	tape_clip_value
56487	56487	tape_clip_value
56492	56492	tape_clip_value
56495	56496	tape_clip_value
56502	56503	tape_clip_value
56505	56507	tape_clip_value
56509	56509	tape_clip_value
56511	56511	tape_clip_value
56519	56521	tape_clip_value
56756	56756	tape_clip_value
56851	56851	tape_clip_value
56877	56877	tape_clip_value
57266	57266	tape_clip_value
57274	57274	tape_clip_value
57310	57312	tape_clip_value
57321	57321	tape_clip_value
57334	57334	tape_clip_value
57341	57341	tape_clip_value
57364	57364	tape_clip_value
57368	57368	tape_clip_value
58448	58448	tape_clip_value
58452	58457	tape_clip_value
58469	58469	tape_clip_value
60882	60882	tape_clip_value
60884	60885	tape_clip_value
60925	60925	tape_clip_value
61005	61009	tape_clip_value
61015	61015	tape_clip_value
61018	61018	tape_clip_value
61322	61323	tape_clip_value
61573	61573	tape_clip_value
62225	62225	tape_clip_value
62231	62231	tape_clip_value
62234	62236	tape_clip_value
62254	62254	tape_clip_value
62264	62264	tape_clip_value
62400	62400	tape_clip_value
62635	62635	tape_clip_value
62704	62705	tape_clip_value
62708	62710	tape_clip_value
62712	62713	tape_clip_value
63454	63454	tape_clip_value
63830	63830	tape_clip_value
63834	63837	tape_clip_value
63843	63844	tape_clip_value
63846	63846	tape_clip_value
63849	63850	tape_clip_value
63854	63854	tape_clip_value
63857	63858	tape_clip_value
63860	63861	tape_clip_value
63865	63865	tape_clip_value
63868	63869	tape_clip_value
63883	63883	tape_clip_value
63885	63885	tape_clip_value
63888	63888	tape_clip_value
63890	63890	tape_clip_value
63893	63894	tape_clip_value
63896	63898	tape_clip_value
63922	63923	tape_clip_value
63925	63926	tape_clip_value
64102	64103	tape_clip_value
64106	64106	tape_clip_value
64108	64108	tape_clip_value
64470	64471	tape_clip_value
64477	64477	tape_clip_value
64491	64491	tape_clip_value
64558	64558	tape_clip_value
64562	64564	tape_clip_value
64569	64569	tape_clip_value
64572	64573	tape_clip_value
64601	64601	tape_clip_value
64630	64630	tape_clip_value
65130	65131	tape_clip_value
65161	65162	tape_clip_value
65179	65179	tape_clip_value
65296	65296	tape_clip_value
65299	65299	tape_clip_value
65303	65303	tape_clip_value
65458	65459	tape_clip_value
65494	65494	tape_clip_value
65514	65515	tape_clip_value
65521	65521	tape_clip_value
65528	65530	tape_clip_value
65538	65538	tape_clip_value
65549	65549	tape_clip_value
65553	65559	tape_clip_value
65564	65564	tape_clip_value
65566	65566	tape_clip_value
65574	65574	tape_clip_value
65595	65595	tape_clip_value
65614	65628	tape_clip_value
65673	65675	tape_clip_value
65679	65679	tape_clip_value
65683	65687	tape_clip_value
65689	65692	tape_clip_value
65696	65696	tape_clip_value
65698	65709	tape_clip_value
65714	65715	tape_clip_value
65717	65717	tape_clip_value
65719	65719	tape_clip_value
65721	65723	tape_clip_value
65726	65728	tape_clip_value
65732	65734	tape_clip_value
65736	65736	tape_clip_value
65738	65739	tape_clip_value
65746	65748	tape_clip_value
65751	65751	tape_clip_value
65754	65755	tape_clip_value
65757	65757	tape_clip_value
65767	65772	tape_clip_value
65775	65775	tape_clip_value
65777	65777	tape_clip_value
65779	65783	tape_clip_value
65785	65785	tape_clip_value
65787	65790	tape_clip_value
65797	65797	tape_clip_value
65799	65805	tape_clip_value
65807	65807	tape_clip_value
65813	65813	tape_clip_value
65817	65828	tape_clip_value
65830	65831	tape_clip_value
65834	65834	tape_clip_value
65838	65840	tape_clip_value
65844	65845	tape_clip_value
65847	65851	tape_clip_value
65854	65863	tape_clip_value
65866	65879	tape_clip_value
65884	65884	tape_clip_value
65886	65890	tape_clip_value
65892	65897	tape_clip_value
65899	65903	tape_clip_value
65905	65905	tape_clip_value
65907	65909	tape_clip_value
65911	65915	tape_clip_value
65917	65924	tape_clip_value
65927	65930	tape_clip_value
65932	65938	tape_clip_value
65940	65942	tape_clip_value
65945	65955	tape_clip_value
65957	65960	tape_clip_value
65962	65971	tape_clip_value
65975	65975	tape_clip_value
65977	65977	tape_clip_value
65980	65982	tape_clip_value
65984	65987	tape_clip_value
65990	65999	tape_clip_value
66002	66009	tape_clip_value
66011	66012	tape_clip_value
66016	66016	tape_clip_value
66018	66021	tape_clip_value
66023	66023	tape_clip_value
66027	66027	tape_clip_value
66029	66031	tape_clip_value
66035	66037	tape_clip_value
66041	66041	tape_clip_value
66043	66044	tape_clip_value
66046	66046	tape_clip_value
