frame	score	bad_frame	manual_override
35743	-0.60897465	0	0
35744	-0.70972603	0	0
35745	-0.67178714	0	0
35746	-0.74968464	0	0
35747	-0.68701752	0	0
35748	-0.66341128	0	0
35749	-0.65346360	0	0
35750	-0.71404780	0	0
35751	-0.67567947	0	0
35752	-0.67800091	0	0
35753	-0.67996839	0	0
35754	-0.68429751	0	0
35755	-0.69759190	0	0
35756	-0.72996905	0	0
35757	-0.71002873	0	0
35758	-0.72409575	0	0
35759	-0.69343714	0	0
35760	-0.73822998	0	0
35761	-0.71597192	0	0
35762	-0.72542332	0	0
35763	-0.71919400	0	0
35764	-0.77323677	0	0
35765	-0.66192236	0	0
35766	-0.75264275	0	0
35767	-0.57294485	0	0
35768	-0.51220473	0	0
35769	-0.37608108	0	0
35770	-0.15804243	0	0
35771	0.24954210	0	0
35772	0.74955902	0	0
35773	0.50256186	0	0
35774	1.35625609	1	1
35775	2.61015436	1	0
35776	-0.28480200	1	1
35777	-0.68738917	1	1
35778	-0.41558610	0	0
35779	-0.19971943	0	0
35780	-0.37020799	0	0
35781	0.59647621	0	0
35782	0.27554201	0	0
35783	-0.42405506	0	0
35784	-0.45287115	0	0
35785	-0.37297785	0	0
35786	-0.32389409	0	0
35787	-0.12440141	0	0
35788	-0.09014312	0	0
35789	-0.07778920	0	0
35790	-0.17145838	0	0
35791	-0.03281364	0	0
35792	-0.06800035	0	0
35793	0.01706416	0	0
35794	0.14772862	0	0
35795	0.21788875	0	0
35796	0.19354252	0	0
35797	0.18717106	0	0
35798	0.27094544	0	0
35799	0.46215241	0	0
35800	0.25813150	0	0
35801	0.29513355	0	0
35802	0.30431382	0	0
35803	0.34165652	0	0
35804	0.23214306	0	0
35805	0.31415946	0	0
35806	0.30424450	0	0
35807	0.30529602	0	0
35808	0.54477837	0	0
35809	0.67696995	0	0
35810	0.38112469	0	0
35811	0.33150504	0	0
35812	0.28122607	0	0
35813	0.34746879	0	0
35814	0.38503764	0	0
35815	0.26464109	0	0
35816	0.11471506	0	0
35817	0.21672276	0	0
35818	0.05037359	0	0
35819	0.03012546	0	0
35820	-0.05219927	0	0
35821	0.08057256	0	0
35822	-0.02428907	0	0
35823	-0.06867832	0	0
35824	-0.07392408	0	0
35825	-0.11049575	0	0
35826	-0.21016775	0	0
35827	-0.15777645	0	0
35828	-0.18310481	0	0
35829	0.01541432	0	0
35830	-0.03135064	0	0
35831	-0.08723671	0	0
35832	0.02480394	0	0
35833	-0.02187315	0	0
35834	-0.15242485	0	0
35835	-0.17359720	0	0
35836	-0.21122809	0	0
35837	-0.14288895	0	0
35838	-0.13729442	0	0
35839	0.04673989	0	0
35840	-0.03246682	0	0
35841	-0.06769511	0	0
35842	-0.17452037	0	0
35843	-0.14362886	0	0
35844	-0.29317793	0	0
35845	-0.21980931	0	0
35846	-0.29788326	0	0
35847	-0.21929947	0	0
35848	-0.29703560	0	0
35849	-0.29501185	0	0
35850	-0.23366815	0	0
35851	-0.05679187	0	0
35852	-0.09688088	0	0
35853	-0.00609764	0	0
35854	0.23351034	0	0
35855	0.20553541	0	0
35856	-0.02401073	0	0
35857	-0.09332561	0	0
35858	-0.07803978	0	0
35859	0.09786484	0	0
35860	0.19146546	0	0
35861	0.34387651	0	0
35862	0.33641671	0	0
35863	0.08361527	0	0
35864	0.40246746	0	0
35865	0.40117749	0	0
35866	0.06480445	0	0
35867	-0.08614061	0	0
35868	-0.17023172	0	0
35869	-0.23117913	0	0
35870	-0.48936602	0	0
35871	-0.66331538	0	0
35872	-0.54708432	0	0
35873	-0.62784310	0	0
35874	-0.92102482	0	0
35875	-0.90693378	0	0
35876	-1.14804433	0	0
35877	-0.87515699	0	0
35878	-0.96321922	0	0
35879	-1.26889029	0	0
35880	-1.14633280	0	0
35881	-0.94009651	0	0
35882	-0.82176070	0	0
35883	-0.32268850	0	0
35884	0.36725557	0	0
35885	0.32858765	0	0
35886	-0.30132732	0	0
35887	-0.71959150	0	0
35888	-0.84930693	0	0
35889	-0.91389503	0	0
35890	0.19573559	0	0
35891	1.54084646	1	1
35892	2.35630842	1	1
35893	0.19697200	0	0
35894	1.11058203	1	1
35895	-0.41247531	1	1
35896	-0.38056516	0	0
35897	0.32808469	0	0
35898	0.69872553	0	0
35899	0.59313362	0	0
35900	0.31263026	0	0
35901	3.90642072	1	0
35902	4.92038560	1	0
35903	-0.02885937	1	1
35904	5.66823796	1	0
35905	2.38937203	1	1
35906	0.20301270	0	0
35907	-0.34798955	0	0
35908	-0.83656351	0	0
35909	-0.97654379	0	0
35910	-0.85699458	0	0
35911	-0.69027022	0	0
35912	-0.26850932	0	0
35913	-0.43220001	0	0
35914	-0.01483730	0	0
35915	-0.04273050	0	0
35916	0.34661912	0	0
35917	0.41390255	0	0
35918	-0.05426928	0	0
35919	-0.13235896	0	0
35920	-0.40936127	0	0
35921	-0.18051873	0	0
35922	-0.50873962	0	0
35923	-1.08940242	0	0
35924	-0.96205941	0	0
35925	-0.47321421	0	0
35926	-0.03832252	0	0
35927	0.01139793	0	0
35928	-0.18650697	0	0
35929	-0.37254679	0	0
35930	-0.45657782	0	0
35931	-0.18567626	0	0
35932	-0.18392554	0	0
35933	0.07612353	0	0
35934	-0.05710750	0	0
35935	-0.09654585	0	0
35936	-0.24903542	0	0
35937	-0.17766914	0	0
35938	-0.22535141	0	0
35939	-0.12195590	0	0
35940	-0.31486390	0	0
35941	-0.18428540	0	0
35942	-0.33922463	0	0
35943	0.12347925	0	0
35944	-0.18840878	0	0
35945	-0.27575463	0	0
35946	-0.33349610	0	0
35947	-0.18149351	0	0
35948	-0.32778585	0	0
35949	-0.27201597	0	0
35950	-0.21584755	0	0
35951	-0.00076569	0	0
35952	-0.08899071	0	0
35953	-0.12633825	0	0
35954	-0.03204011	0	0
35955	0.14746219	0	0
35956	0.17705380	0	0
35957	0.32696055	0	0
35958	0.37747251	0	0
35959	0.61101864	0	0
35960	0.60221349	0	0
35961	0.45402142	0	0
35962	0.18821065	0	0
35963	0.12853420	0	0
35964	0.32527035	0	0
35965	0.32051199	0	0
35966	0.11080145	0	0
35967	0.13463776	0	0
35968	-0.03690846	0	0
35969	0.05217555	0	0
35970	-0.07392934	0	0
35971	-0.01408855	0	0
35972	-0.01965352	0	0
35973	0.02815653	0	0
35974	0.00920073	0	0
35975	0.06890190	0	0
35976	0.02439087	0	0
35977	0.17740371	0	0
35978	0.18599193	0	0
35979	0.23374538	0	0
35980	0.26165396	0	0
35981	0.32853522	0	0
35982	0.32887220	0	0
35983	0.39527988	0	0
35984	0.43443487	0	0
35985	0.55877708	0	0
35986	0.52035558	0	0
35987	0.54657410	0	0
35988	0.46862486	0	0
35989	0.47062810	0	0
35990	0.41600303	0	0
35991	0.61254443	0	0
35992	0.59379832	0	0
35993	0.67129905	0	0
35994	0.59140043	0	0
35995	0.64108975	0	0
35996	0.37143679	0	0
35997	0.38061032	0	0
35998	0.26278224	0	0
35999	0.31310338	0	0
36000	0.24480474	0	0
36001	0.30754235	0	0
36002	0.32740824	0	0
36003	0.29555611	0	0
36004	0.12720439	0	0
36005	0.19637050	0	0
36006	0.13127883	0	0
36007	0.06089257	0	0
36008	0.02161585	0	0
36009	0.10581471	0	0
36010	0.06638931	0	0
36011	0.15251410	0	0
36012	0.09619777	0	0
36013	0.03624999	0	0
36014	-0.01666489	0	0
36015	-0.01150520	0	0
36016	-0.16701190	0	0
36017	-0.23670405	0	0
36018	-0.35999213	0	0
36019	-0.33046694	0	0
36020	-0.33677159	0	0
36021	-0.36795529	0	0
36022	-0.45068165	0	0
36023	-0.42254646	0	0
36024	-0.39803783	0	0
36025	-0.27061364	0	0
36026	-0.46758459	0	0
36027	-0.43281395	0	0
36028	-0.41104700	0	0
36029	-0.17541859	0	0
36030	-0.28386100	0	0
36031	-0.00276565	0	0
36032	-0.14786926	0	0
36033	-0.11724582	0	0
36034	1.68622621	0	0
36035	0.50751563	0	0
36036	2.39743436	1	0
36037	2.95505495	1	0
36038	0.98349796	0	0
36039	0.71384429	0	0
36040	0.95666399	0	0
36041	0.94161787	0	0
36042	0.90078528	0	0
36043	0.56801171	0	0
36044	16.72851459	1	0
36045	7.52812574	1	0
36046	4.05067167	1	0
36047	15.69116627	1	0
36048	9.37117589	1	0
36049	2.82539626	1	0
36050	7.77157452	1	0
36051	8.30677965	1	0
36052	9.06553767	1	0
