chapter	local_frame	score	bad_frame	manual_override
1995 - Jim & Linda Wedding - 12 Reception Ring Close-Ups (March 18, 1995)	0	-0.60897465	0	0
1995 - Jim & Linda Wedding - 12 Reception Ring Close-Ups (March 18, 1995)	1	-0.70972603	0	0
1995 - Jim & Linda Wedding - 12 Reception Ring Close-Ups (March 18, 1995)	2	-0.67178714	0	0
1995 - Jim & Linda Wedding - 12 Reception Ring Close-Ups (March 18, 1995)	3	-0.74968464	0	0
1995 - Jim & Linda Wedding - 12 Reception Ring Close-Ups (March 18, 1995)	4	-0.68701752	0	0
1995 - Jim & Linda Wedding - 12 Reception Ring Close-Ups (March 18, 1995)	5	-0.66341128	0	0
1995 - Jim & Linda Wedding - 12 Reception Ring Close-Ups (March 18, 1995)	6	-0.65346360	0	0
1995 - Jim & Linda Wedding - 12 Reception Ring Close-Ups (March 18, 1995)	7	-0.71404780	0	0
1995 - Jim & Linda Wedding - 12 Reception Ring Close-Ups (March 18, 1995)	8	-0.67567947	0	0
1995 - Jim & Linda Wedding - 12 Reception Ring Close-Ups (March 18, 1995)	9	-0.67800091	0	0
1995 - Jim & Linda Wedding - 12 Reception Ring Close-Ups (March 18, 1995)	10	-0.67996839	0	0
1995 - Jim & Linda Wedding - 12 Reception Ring Close-Ups (March 18, 1995)	11	-0.68429751	0	0
1995 - Jim & Linda Wedding - 12 Reception Ring Close-Ups (March 18, 1995)	12	-0.69759190	0	0
1995 - Jim & Linda Wedding - 12 Reception Ring Close-Ups (March 18, 1995)	13	-0.72996905	0	0
1995 - Jim & Linda Wedding - 12 Reception Ring Close-Ups (March 18, 1995)	14	-0.71002873	0	0
1995 - Jim & Linda Wedding - 12 Reception Ring Close-Ups (March 18, 1995)	15	-0.72409575	0	0
1995 - Jim & Linda Wedding - 12 Reception Ring Close-Ups (March 18, 1995)	16	-0.69343714	0	0
1995 - Jim & Linda Wedding - 12 Reception Ring Close-Ups (March 18, 1995)	17	-0.73822998	0	0
1995 - Jim & Linda Wedding - 12 Reception Ring Close-Ups (March 18, 1995)	18	-0.71597192	0	0
1995 - Jim & Linda Wedding - 12 Reception Ring Close-Ups (March 18, 1995)	19	-0.72542332	0	0
1995 - Jim & Linda Wedding - 12 Reception Ring Close-Ups (March 18, 1995)	20	-0.71919400	0	0
1995 - Jim & Linda Wedding - 12 Reception Ring Close-Ups (March 18, 1995)	21	-0.77323677	0	0
1995 - Jim & Linda Wedding - 12 Reception Ring Close-Ups (March 18, 1995)	22	-0.66192236	0	0
1995 - Jim & Linda Wedding - 12 Reception Ring Close-Ups (March 18, 1995)	23	-0.75264275	0	0
1995 - Jim & Linda Wedding - 12 Reception Ring Close-Ups (March 18, 1995)	24	-0.57294485	0	0
1995 - Jim & Linda Wedding - 12 Reception Ring Close-Ups (March 18, 1995)	25	-0.51220473	0	0
1995 - Jim & Linda Wedding - 12 Reception Ring Close-Ups (March 18, 1995)	26	-0.37608108	0	0
1995 - Jim & Linda Wedding - 12 Reception Ring Close-Ups (March 18, 1995)	27	-0.15804243	0	0
1995 - Jim & Linda Wedding - 12 Reception Ring Close-Ups (March 18, 1995)	28	0.24954210	0	0
1995 - Jim & Linda Wedding - 12 Reception Ring Close-Ups (March 18, 1995)	29	0.74955902	0	0
1995 - Jim & Linda Wedding - 12 Reception Ring Close-Ups (March 18, 1995)	30	0.50256186	0	0
1995 - Jim & Linda Wedding - 12 Reception Ring Close-Ups (March 18, 1995)	31	1.35625609	1	1
1995 - Jim & Linda Wedding - 12 Reception Ring Close-Ups (March 18, 1995)	32	2.61015436	1	0
1995 - Jim & Linda Wedding - 12 Reception Ring Close-Ups (March 18, 1995)	33	-0.28480200	1	1
1995 - Jim & Linda Wedding - 12 Reception Ring Close-Ups (March 18, 1995)	34	-0.68738917	1	1
1995 - Jim & Linda Wedding - 12 Reception Ring Close-Ups (March 18, 1995)	35	-0.41558610	0	0
1995 - Jim & Linda Wedding - 12 Reception Ring Close-Ups (March 18, 1995)	36	-0.19971943	0	0
1995 - Jim & Linda Wedding - 12 Reception Ring Close-Ups (March 18, 1995)	37	-0.37020799	0	0
1995 - Jim & Linda Wedding - 12 Reception Ring Close-Ups (March 18, 1995)	38	0.59647621	0	0
1995 - Jim & Linda Wedding - 12 Reception Ring Close-Ups (March 18, 1995)	39	0.27554201	0	0
1995 - Jim & Linda Wedding - 12 Reception Ring Close-Ups (March 18, 1995)	40	-0.42405506	1	1
1995 - Jim & Linda Wedding - 12 Reception Ring Close-Ups (March 18, 1995)	41	-0.45287115	1	1
1995 - Jim & Linda Wedding - 12 Reception Ring Close-Ups (March 18, 1995)	42	-0.37297785	1	1
1995 - Jim & Linda Wedding - 12 Reception Ring Close-Ups (March 18, 1995)	43	-0.32389409	1	1
1995 - Jim & Linda Wedding - 12 Reception Ring Close-Ups (March 18, 1995)	44	-0.12440141	1	1
1995 - Jim & Linda Wedding - 12 Reception Ring Close-Ups (March 18, 1995)	45	-0.09014312	0	0
1995 - Jim & Linda Wedding - 12 Reception Ring Close-Ups (March 18, 1995)	46	-0.07778920	0	0
1995 - Jim & Linda Wedding - 12 Reception Ring Close-Ups (March 18, 1995)	47	-0.17145838	0	0
1995 - Jim & Linda Wedding - 12 Reception Ring Close-Ups (March 18, 1995)	48	-0.03281364	0	0
1995 - Jim & Linda Wedding - 12 Reception Ring Close-Ups (March 18, 1995)	49	-0.06800035	0	0
1995 - Jim & Linda Wedding - 12 Reception Ring Close-Ups (March 18, 1995)	50	0.01706416	0	0
1995 - Jim & Linda Wedding - 12 Reception Ring Close-Ups (March 18, 1995)	51	0.14772862	0	0
1995 - Jim & Linda Wedding - 12 Reception Ring Close-Ups (March 18, 1995)	52	0.21788875	0	0
1995 - Jim & Linda Wedding - 12 Reception Ring Close-Ups (March 18, 1995)	53	0.19354252	0	0
1995 - Jim & Linda Wedding - 12 Reception Ring Close-Ups (March 18, 1995)	54	0.18717106	0	0
1995 - Jim & Linda Wedding - 12 Reception Ring Close-Ups (March 18, 1995)	55	0.27094544	0	0
1995 - Jim & Linda Wedding - 12 Reception Ring Close-Ups (March 18, 1995)	56	0.46215241	0	0
1995 - Jim & Linda Wedding - 12 Reception Ring Close-Ups (March 18, 1995)	57	0.25813150	0	0
1995 - Jim & Linda Wedding - 12 Reception Ring Close-Ups (March 18, 1995)	58	0.29513355	0	0
1995 - Jim & Linda Wedding - 12 Reception Ring Close-Ups (March 18, 1995)	59	0.30431382	0	0
1995 - Jim & Linda Wedding - 12 Reception Ring Close-Ups (March 18, 1995)	60	0.34165652	0	0
1995 - Jim & Linda Wedding - 12 Reception Ring Close-Ups (March 18, 1995)	61	0.23214306	0	0
1995 - Jim & Linda Wedding - 12 Reception Ring Close-Ups (March 18, 1995)	62	0.31415946	0	0
1995 - Jim & Linda Wedding - 12 Reception Ring Close-Ups (March 18, 1995)	63	0.30424450	0	0
1995 - Jim & Linda Wedding - 12 Reception Ring Close-Ups (March 18, 1995)	64	0.30529602	0	0
1995 - Jim & Linda Wedding - 12 Reception Ring Close-Ups (March 18, 1995)	65	0.54477837	0	0
1995 - Jim & Linda Wedding - 12 Reception Ring Close-Ups (March 18, 1995)	66	0.67696995	0	0
1995 - Jim & Linda Wedding - 12 Reception Ring Close-Ups (March 18, 1995)	67	0.38112469	0	0
1995 - Jim & Linda Wedding - 12 Reception Ring Close-Ups (March 18, 1995)	68	0.33150504	0	0
1995 - Jim & Linda Wedding - 12 Reception Ring Close-Ups (March 18, 1995)	69	0.28122607	0	0
1995 - Jim & Linda Wedding - 12 Reception Ring Close-Ups (March 18, 1995)	70	0.34746879	0	0
1995 - Jim & Linda Wedding - 12 Reception Ring Close-Ups (March 18, 1995)	71	0.38503764	0	0
1995 - Jim & Linda Wedding - 12 Reception Ring Close-Ups (March 18, 1995)	72	0.26464109	0	0
1995 - Jim & Linda Wedding - 12 Reception Ring Close-Ups (March 18, 1995)	73	0.11471506	0	0
1995 - Jim & Linda Wedding - 12 Reception Ring Close-Ups (March 18, 1995)	74	0.21672276	0	0
1995 - Jim & Linda Wedding - 12 Reception Ring Close-Ups (March 18, 1995)	75	0.05037359	0	0
1995 - Jim & Linda Wedding - 12 Reception Ring Close-Ups (March 18, 1995)	76	0.03012546	0	0
1995 - Jim & Linda Wedding - 12 Reception Ring Close-Ups (March 18, 1995)	77	-0.05219927	0	0
1995 - Jim & Linda Wedding - 12 Reception Ring Close-Ups (March 18, 1995)	78	0.08057256	0	0
1995 - Jim & Linda Wedding - 12 Reception Ring Close-Ups (March 18, 1995)	79	-0.02428907	0	0
1995 - Jim & Linda Wedding - 12 Reception Ring Close-Ups (March 18, 1995)	80	-0.06867832	0	0
1995 - Jim & Linda Wedding - 12 Reception Ring Close-Ups (March 18, 1995)	81	-0.07392408	0	0
1995 - Jim & Linda Wedding - 12 Reception Ring Close-Ups (March 18, 1995)	82	-0.11049575	0	0
1995 - Jim & Linda Wedding - 12 Reception Ring Close-Ups (March 18, 1995)	83	-0.21016775	0	0
1995 - Jim & Linda Wedding - 12 Reception Ring Close-Ups (March 18, 1995)	84	-0.15777645	0	0
1995 - Jim & Linda Wedding - 12 Reception Ring Close-Ups (March 18, 1995)	85	-0.18310481	0	0
1995 - Jim & Linda Wedding - 12 Reception Ring Close-Ups (March 18, 1995)	86	0.01541432	0	0
1995 - Jim & Linda Wedding - 12 Reception Ring Close-Ups (March 18, 1995)	87	-0.03135064	0	0
1995 - Jim & Linda Wedding - 12 Reception Ring Close-Ups (March 18, 1995)	88	-0.08723671	0	0
1995 - Jim & Linda Wedding - 12 Reception Ring Close-Ups (March 18, 1995)	89	0.02480394	0	0
1995 - Jim & Linda Wedding - 12 Reception Ring Close-Ups (March 18, 1995)	90	-0.02187315	0	0
1995 - Jim & Linda Wedding - 12 Reception Ring Close-Ups (March 18, 1995)	91	-0.15242485	0	0
1995 - Jim & Linda Wedding - 12 Reception Ring Close-Ups (March 18, 1995)	92	-0.17359720	0	0
1995 - Jim & Linda Wedding - 12 Reception Ring Close-Ups (March 18, 1995)	93	-0.21122809	0	0
1995 - Jim & Linda Wedding - 12 Reception Ring Close-Ups (March 18, 1995)	94	-0.14288895	0	0
1995 - Jim & Linda Wedding - 12 Reception Ring Close-Ups (March 18, 1995)	95	-0.13729442	0	0
1995 - Jim & Linda Wedding - 12 Reception Ring Close-Ups (March 18, 1995)	96	0.04673989	0	0
1995 - Jim & Linda Wedding - 12 Reception Ring Close-Ups (March 18, 1995)	97	-0.03246682	0	0
1995 - Jim & Linda Wedding - 12 Reception Ring Close-Ups (March 18, 1995)	98	-0.06769511	0	0
1995 - Jim & Linda Wedding - 12 Reception Ring Close-Ups (March 18, 1995)	99	-0.17452037	0	0
1995 - Jim & Linda Wedding - 12 Reception Ring Close-Ups (March 18, 1995)	100	-0.14362886	0	0
1995 - Jim & Linda Wedding - 12 Reception Ring Close-Ups (March 18, 1995)	101	-0.29317793	0	0
1995 - Jim & Linda Wedding - 12 Reception Ring Close-Ups (March 18, 1995)	102	-0.21980931	0	0
1995 - Jim & Linda Wedding - 12 Reception Ring Close-Ups (March 18, 1995)	103	-0.29788326	0	0
1995 - Jim & Linda Wedding - 12 Reception Ring Close-Ups (March 18, 1995)	104	-0.21929947	0	0
1995 - Jim & Linda Wedding - 12 Reception Ring Close-Ups (March 18, 1995)	105	-0.29703560	0	0
1995 - Jim & Linda Wedding - 12 Reception Ring Close-Ups (March 18, 1995)	106	-0.29501185	0	0
1995 - Jim & Linda Wedding - 12 Reception Ring Close-Ups (March 18, 1995)	107	-0.23366815	0	0
1995 - Jim & Linda Wedding - 12 Reception Ring Close-Ups (March 18, 1995)	108	-0.05679187	0	0
1995 - Jim & Linda Wedding - 12 Reception Ring Close-Ups (March 18, 1995)	109	-0.09688088	0	0
1995 - Jim & Linda Wedding - 12 Reception Ring Close-Ups (March 18, 1995)	110	-0.00609764	0	0
1995 - Jim & Linda Wedding - 12 Reception Ring Close-Ups (March 18, 1995)	111	0.23351034	0	0
1995 - Jim & Linda Wedding - 12 Reception Ring Close-Ups (March 18, 1995)	112	0.20553541	0	0
1995 - Jim & Linda Wedding - 12 Reception Ring Close-Ups (March 18, 1995)	113	-0.02401073	0	0
1995 - Jim & Linda Wedding - 12 Reception Ring Close-Ups (March 18, 1995)	114	-0.09332561	0	0
1995 - Jim & Linda Wedding - 12 Reception Ring Close-Ups (March 18, 1995)	115	-0.07803978	0	0
1995 - Jim & Linda Wedding - 12 Reception Ring Close-Ups (March 18, 1995)	116	0.09786484	0	0
1995 - Jim & Linda Wedding - 12 Reception Ring Close-Ups (March 18, 1995)	117	0.19146546	0	0
1995 - Jim & Linda Wedding - 12 Reception Ring Close-Ups (March 18, 1995)	118	0.34387651	0	0
1995 - Jim & Linda Wedding - 12 Reception Ring Close-Ups (March 18, 1995)	119	0.33641671	0	0
1995 - Jim & Linda Wedding - 12 Reception Ring Close-Ups (March 18, 1995)	120	0.08361527	0	0
1995 - Jim & Linda Wedding - 12 Reception Ring Close-Ups (March 18, 1995)	121	0.40246746	0	0
1995 - Jim & Linda Wedding - 12 Reception Ring Close-Ups (March 18, 1995)	122	0.40117749	0	0
1995 - Jim & Linda Wedding - 12 Reception Ring Close-Ups (March 18, 1995)	123	0.06480445	0	0
1995 - Jim & Linda Wedding - 12 Reception Ring Close-Ups (March 18, 1995)	124	-0.08614061	0	0
1995 - Jim & Linda Wedding - 12 Reception Ring Close-Ups (March 18, 1995)	125	-0.17023172	0	0
1995 - Jim & Linda Wedding - 12 Reception Ring Close-Ups (March 18, 1995)	126	-0.23117913	0	0
1995 - Jim & Linda Wedding - 12 Reception Ring Close-Ups (March 18, 1995)	127	-0.48936602	0	0
1995 - Jim & Linda Wedding - 12 Reception Ring Close-Ups (March 18, 1995)	128	-0.66331538	0	0
1995 - Jim & Linda Wedding - 12 Reception Ring Close-Ups (March 18, 1995)	129	-0.54708432	0	0
1995 - Jim & Linda Wedding - 12 Reception Ring Close-Ups (March 18, 1995)	130	-0.62784310	0	0
1995 - Jim & Linda Wedding - 12 Reception Ring Close-Ups (March 18, 1995)	131	-0.92102482	0	0
1995 - Jim & Linda Wedding - 12 Reception Ring Close-Ups (March 18, 1995)	132	-0.90693378	0	0
1995 - Jim & Linda Wedding - 12 Reception Ring Close-Ups (March 18, 1995)	133	-1.14804433	0	0
1995 - Jim & Linda Wedding - 12 Reception Ring Close-Ups (March 18, 1995)	134	-0.87515699	0	0
1995 - Jim & Linda Wedding - 12 Reception Ring Close-Ups (March 18, 1995)	135	-0.96321922	0	0
1995 - Jim & Linda Wedding - 12 Reception Ring Close-Ups (March 18, 1995)	136	-1.26889029	0	0
1995 - Jim & Linda Wedding - 12 Reception Ring Close-Ups (March 18, 1995)	137	-1.14633280	0	0
1995 - Jim & Linda Wedding - 12 Reception Ring Close-Ups (March 18, 1995)	138	-0.94009651	0	0
1995 - Jim & Linda Wedding - 12 Reception Ring Close-Ups (March 18, 1995)	139	-0.82176070	0	0
1995 - Jim & Linda Wedding - 12 Reception Ring Close-Ups (March 18, 1995)	140	-0.32268850	0	0
1995 - Jim & Linda Wedding - 12 Reception Ring Close-Ups (March 18, 1995)	141	0.36725557	0	0
1995 - Jim & Linda Wedding - 12 Reception Ring Close-Ups (March 18, 1995)	142	0.32858765	0	0
1995 - Jim & Linda Wedding - 12 Reception Ring Close-Ups (March 18, 1995)	143	-0.30132732	0	0
1995 - Jim & Linda Wedding - 12 Reception Ring Close-Ups (March 18, 1995)	144	-0.71959150	0	0
1995 - Jim & Linda Wedding - 12 Reception Ring Close-Ups (March 18, 1995)	145	-0.84930693	0	0
1995 - Jim & Linda Wedding - 12 Reception Ring Close-Ups (March 18, 1995)	146	-0.91389503	0	0
1995 - Jim & Linda Wedding - 12 Reception Ring Close-Ups (March 18, 1995)	147	0.19573559	0	0
1995 - Jim & Linda Wedding - 12 Reception Ring Close-Ups (March 18, 1995)	148	1.54084646	1	1
1995 - Jim & Linda Wedding - 12 Reception Ring Close-Ups (March 18, 1995)	149	2.35630842	1	1
1995 - Jim & Linda Wedding - 12 Reception Ring Close-Ups (March 18, 1995)	150	0.19697200	0	0
1995 - Jim & Linda Wedding - 12 Reception Ring Close-Ups (March 18, 1995)	151	1.11058203	1	1
1995 - Jim & Linda Wedding - 12 Reception Ring Close-Ups (March 18, 1995)	152	-0.41247531	1	1
1995 - Jim & Linda Wedding - 12 Reception Ring Close-Ups (March 18, 1995)	153	-0.38056516	0	0
1995 - Jim & Linda Wedding - 12 Reception Ring Close-Ups (March 18, 1995)	154	0.32808469	0	0
1995 - Jim & Linda Wedding - 12 Reception Ring Close-Ups (March 18, 1995)	155	0.69872553	0	0
1995 - Jim & Linda Wedding - 12 Reception Ring Close-Ups (March 18, 1995)	156	0.59313362	0	0
1995 - Jim & Linda Wedding - 12 Reception Ring Close-Ups (March 18, 1995)	157	0.31263026	1	1
1995 - Jim & Linda Wedding - 12 Reception Ring Close-Ups (March 18, 1995)	158	3.90642072	1	0
1995 - Jim & Linda Wedding - 12 Reception Ring Close-Ups (March 18, 1995)	159	4.92038560	1	0
1995 - Jim & Linda Wedding - 12 Reception Ring Close-Ups (March 18, 1995)	160	-0.02885937	1	1
1995 - Jim & Linda Wedding - 12 Reception Ring Close-Ups (March 18, 1995)	161	5.66823796	1	0
1995 - Jim & Linda Wedding - 12 Reception Ring Close-Ups (March 18, 1995)	162	2.38937203	1	1
1995 - Jim & Linda Wedding - 12 Reception Ring Close-Ups (March 18, 1995)	163	0.20301270	0	0
1995 - Jim & Linda Wedding - 12 Reception Ring Close-Ups (March 18, 1995)	164	-0.34798955	0	0
1995 - Jim & Linda Wedding - 12 Reception Ring Close-Ups (March 18, 1995)	165	-0.83656351	0	0
1995 - Jim & Linda Wedding - 12 Reception Ring Close-Ups (March 18, 1995)	166	-0.97654379	0	0
1995 - Jim & Linda Wedding - 12 Reception Ring Close-Ups (March 18, 1995)	167	-0.85699458	1	1
1995 - Jim & Linda Wedding - 12 Reception Ring Close-Ups (March 18, 1995)	168	-0.69027022	1	1
1995 - Jim & Linda Wedding - 12 Reception Ring Close-Ups (March 18, 1995)	169	-0.26850932	1	1
1995 - Jim & Linda Wedding - 12 Reception Ring Close-Ups (March 18, 1995)	170	-0.43220001	1	1
1995 - Jim & Linda Wedding - 12 Reception Ring Close-Ups (March 18, 1995)	171	-0.01483730	1	1
1995 - Jim & Linda Wedding - 12 Reception Ring Close-Ups (March 18, 1995)	172	-0.04273050	1	1
1995 - Jim & Linda Wedding - 12 Reception Ring Close-Ups (March 18, 1995)	173	0.34661912	1	1
1995 - Jim & Linda Wedding - 12 Reception Ring Close-Ups (March 18, 1995)	174	0.41390255	0	0
1995 - Jim & Linda Wedding - 12 Reception Ring Close-Ups (March 18, 1995)	175	-0.05426928	0	0
1995 - Jim & Linda Wedding - 12 Reception Ring Close-Ups (March 18, 1995)	176	-0.13235896	0	0
1995 - Jim & Linda Wedding - 12 Reception Ring Close-Ups (March 18, 1995)	177	-0.40936127	0	0
1995 - Jim & Linda Wedding - 12 Reception Ring Close-Ups (March 18, 1995)	178	-0.18051873	0	0
1995 - Jim & Linda Wedding - 12 Reception Ring Close-Ups (March 18, 1995)	179	-0.50873962	0	0
1995 - Jim & Linda Wedding - 12 Reception Ring Close-Ups (March 18, 1995)	180	-1.08940242	0	0
1995 - Jim & Linda Wedding - 12 Reception Ring Close-Ups (March 18, 1995)	181	-0.96205941	0	0
1995 - Jim & Linda Wedding - 12 Reception Ring Close-Ups (March 18, 1995)	182	-0.47321421	0	0
1995 - Jim & Linda Wedding - 12 Reception Ring Close-Ups (March 18, 1995)	183	-0.03832252	0	0
1995 - Jim & Linda Wedding - 12 Reception Ring Close-Ups (March 18, 1995)	184	0.01139793	0	0
1995 - Jim & Linda Wedding - 12 Reception Ring Close-Ups (March 18, 1995)	185	-0.18650697	0	0
1995 - Jim & Linda Wedding - 12 Reception Ring Close-Ups (March 18, 1995)	186	-0.37254679	0	0
1995 - Jim & Linda Wedding - 12 Reception Ring Close-Ups (March 18, 1995)	187	-0.45657782	0	0
1995 - Jim & Linda Wedding - 12 Reception Ring Close-Ups (March 18, 1995)	188	-0.18567626	0	0
1995 - Jim & Linda Wedding - 12 Reception Ring Close-Ups (March 18, 1995)	189	-0.18392554	0	0
1995 - Jim & Linda Wedding - 12 Reception Ring Close-Ups (March 18, 1995)	190	0.07612353	0	0
1995 - Jim & Linda Wedding - 12 Reception Ring Close-Ups (March 18, 1995)	191	-0.05710750	0	0
1995 - Jim & Linda Wedding - 12 Reception Ring Close-Ups (March 18, 1995)	192	-0.09654585	0	0
1995 - Jim & Linda Wedding - 12 Reception Ring Close-Ups (March 18, 1995)	193	-0.24903542	0	0
1995 - Jim & Linda Wedding - 12 Reception Ring Close-Ups (March 18, 1995)	194	-0.17766914	0	0
1995 - Jim & Linda Wedding - 12 Reception Ring Close-Ups (March 18, 1995)	195	-0.22535141	0	0
1995 - Jim & Linda Wedding - 12 Reception Ring Close-Ups (March 18, 1995)	196	-0.12195590	0	0
1995 - Jim & Linda Wedding - 12 Reception Ring Close-Ups (March 18, 1995)	197	-0.31486390	0	0
1995 - Jim & Linda Wedding - 12 Reception Ring Close-Ups (March 18, 1995)	198	-0.18428540	0	0
1995 - Jim & Linda Wedding - 12 Reception Ring Close-Ups (March 18, 1995)	199	-0.33922463	0	0
1995 - Jim & Linda Wedding - 12 Reception Ring Close-Ups (March 18, 1995)	200	0.12347925	0	0
1995 - Jim & Linda Wedding - 12 Reception Ring Close-Ups (March 18, 1995)	201	-0.18840878	0	0
1995 - Jim & Linda Wedding - 12 Reception Ring Close-Ups (March 18, 1995)	202	-0.27575463	0	0
1995 - Jim & Linda Wedding - 12 Reception Ring Close-Ups (March 18, 1995)	203	-0.33349610	0	0
1995 - Jim & Linda Wedding - 12 Reception Ring Close-Ups (March 18, 1995)	204	-0.18149351	0	0
1995 - Jim & Linda Wedding - 12 Reception Ring Close-Ups (March 18, 1995)	205	-0.32778585	0	0
1995 - Jim & Linda Wedding - 12 Reception Ring Close-Ups (March 18, 1995)	206	-0.27201597	0	0
1995 - Jim & Linda Wedding - 12 Reception Ring Close-Ups (March 18, 1995)	207	-0.21584755	0	0
1995 - Jim & Linda Wedding - 12 Reception Ring Close-Ups (March 18, 1995)	208	-0.00076569	0	0
1995 - Jim & Linda Wedding - 12 Reception Ring Close-Ups (March 18, 1995)	209	-0.08899071	0	0
1995 - Jim & Linda Wedding - 12 Reception Ring Close-Ups (March 18, 1995)	210	-0.12633825	0	0
1995 - Jim & Linda Wedding - 12 Reception Ring Close-Ups (March 18, 1995)	211	-0.03204011	0	0
1995 - Jim & Linda Wedding - 12 Reception Ring Close-Ups (March 18, 1995)	212	0.14746219	0	0
1995 - Jim & Linda Wedding - 12 Reception Ring Close-Ups (March 18, 1995)	213	0.17705380	0	0
1995 - Jim & Linda Wedding - 12 Reception Ring Close-Ups (March 18, 1995)	214	0.32696055	0	0
1995 - Jim & Linda Wedding - 12 Reception Ring Close-Ups (March 18, 1995)	215	0.37747251	0	0
1995 - Jim & Linda Wedding - 12 Reception Ring Close-Ups (March 18, 1995)	216	0.61101864	0	0
1995 - Jim & Linda Wedding - 12 Reception Ring Close-Ups (March 18, 1995)	217	0.60221349	0	0
1995 - Jim & Linda Wedding - 12 Reception Ring Close-Ups (March 18, 1995)	218	0.45402142	0	0
1995 - Jim & Linda Wedding - 12 Reception Ring Close-Ups (March 18, 1995)	219	0.18821065	0	0
1995 - Jim & Linda Wedding - 12 Reception Ring Close-Ups (March 18, 1995)	220	0.12853420	0	0
1995 - Jim & Linda Wedding - 12 Reception Ring Close-Ups (March 18, 1995)	221	0.32527035	0	0
1995 - Jim & Linda Wedding - 12 Reception Ring Close-Ups (March 18, 1995)	222	0.32051199	0	0
1995 - Jim & Linda Wedding - 12 Reception Ring Close-Ups (March 18, 1995)	223	0.11080145	0	0
1995 - Jim & Linda Wedding - 12 Reception Ring Close-Ups (March 18, 1995)	224	0.13463776	0	0
1995 - Jim & Linda Wedding - 12 Reception Ring Close-Ups (March 18, 1995)	225	-0.03690846	0	0
1995 - Jim & Linda Wedding - 12 Reception Ring Close-Ups (March 18, 1995)	226	0.05217555	0	0
1995 - Jim & Linda Wedding - 12 Reception Ring Close-Ups (March 18, 1995)	227	-0.07392934	0	0
1995 - Jim & Linda Wedding - 12 Reception Ring Close-Ups (March 18, 1995)	228	-0.01408855	0	0
1995 - Jim & Linda Wedding - 12 Reception Ring Close-Ups (March 18, 1995)	229	-0.01965352	0	0
1995 - Jim & Linda Wedding - 12 Reception Ring Close-Ups (March 18, 1995)	230	0.02815653	0	0
1995 - Jim & Linda Wedding - 12 Reception Ring Close-Ups (March 18, 1995)	231	0.00920073	0	0
1995 - Jim & Linda Wedding - 12 Reception Ring Close-Ups (March 18, 1995)	232	0.06890190	0	0
1995 - Jim & Linda Wedding - 12 Reception Ring Close-Ups (March 18, 1995)	233	0.02439087	0	0
1995 - Jim & Linda Wedding - 12 Reception Ring Close-Ups (March 18, 1995)	234	0.17740371	0	0
1995 - Jim & Linda Wedding - 12 Reception Ring Close-Ups (March 18, 1995)	235	0.18599193	0	0
1995 - Jim & Linda Wedding - 12 Reception Ring Close-Ups (March 18, 1995)	236	0.23374538	0	0
1995 - Jim & Linda Wedding - 12 Reception Ring Close-Ups (March 18, 1995)	237	0.26165396	0	0
1995 - Jim & Linda Wedding - 12 Reception Ring Close-Ups (March 18, 1995)	238	0.32853522	0	0
1995 - Jim & Linda Wedding - 12 Reception Ring Close-Ups (March 18, 1995)	239	0.32887220	0	0
1995 - Jim & Linda Wedding - 12 Reception Ring Close-Ups (March 18, 1995)	240	0.39527988	0	0
1995 - Jim & Linda Wedding - 12 Reception Ring Close-Ups (March 18, 1995)	241	0.43443487	0	0
1995 - Jim & Linda Wedding - 12 Reception Ring Close-Ups (March 18, 1995)	242	0.55877708	0	0
1995 - Jim & Linda Wedding - 12 Reception Ring Close-Ups (March 18, 1995)	243	0.52035558	0	0
1995 - Jim & Linda Wedding - 12 Reception Ring Close-Ups (March 18, 1995)	244	0.54657410	0	0
1995 - Jim & Linda Wedding - 12 Reception Ring Close-Ups (March 18, 1995)	245	0.46862486	0	0
1995 - Jim & Linda Wedding - 12 Reception Ring Close-Ups (March 18, 1995)	246	0.47062810	0	0
1995 - Jim & Linda Wedding - 12 Reception Ring Close-Ups (March 18, 1995)	247	0.41600303	0	0
1995 - Jim & Linda Wedding - 12 Reception Ring Close-Ups (March 18, 1995)	248	0.61254443	0	0
1995 - Jim & Linda Wedding - 12 Reception Ring Close-Ups (March 18, 1995)	249	0.59379832	0	0
1995 - Jim & Linda Wedding - 12 Reception Ring Close-Ups (March 18, 1995)	250	0.67129905	0	0
1995 - Jim & Linda Wedding - 12 Reception Ring Close-Ups (March 18, 1995)	251	0.59140043	0	0
1995 - Jim & Linda Wedding - 12 Reception Ring Close-Ups (March 18, 1995)	252	0.64108975	0	0
1995 - Jim & Linda Wedding - 12 Reception Ring Close-Ups (March 18, 1995)	253	0.37143679	0	0
1995 - Jim & Linda Wedding - 12 Reception Ring Close-Ups (March 18, 1995)	254	0.38061032	0	0
1995 - Jim & Linda Wedding - 12 Reception Ring Close-Ups (March 18, 1995)	255	0.26278224	0	0
1995 - Jim & Linda Wedding - 12 Reception Ring Close-Ups (March 18, 1995)	256	0.31310338	0	0
1995 - Jim & Linda Wedding - 12 Reception Ring Close-Ups (March 18, 1995)	257	0.24480474	0	0
1995 - Jim & Linda Wedding - 12 Reception Ring Close-Ups (March 18, 1995)	258	0.30754235	0	0
1995 - Jim & Linda Wedding - 12 Reception Ring Close-Ups (March 18, 1995)	259	0.32740824	0	0
1995 - Jim & Linda Wedding - 12 Reception Ring Close-Ups (March 18, 1995)	260	0.29555611	0	0
1995 - Jim & Linda Wedding - 12 Reception Ring Close-Ups (March 18, 1995)	261	0.12720439	0	0
1995 - Jim & Linda Wedding - 12 Reception Ring Close-Ups (March 18, 1995)	262	0.19637050	0	0
1995 - Jim & Linda Wedding - 12 Reception Ring Close-Ups (March 18, 1995)	263	0.13127883	0	0
1995 - Jim & Linda Wedding - 12 Reception Ring Close-Ups (March 18, 1995)	264	0.06089257	0	0
1995 - Jim & Linda Wedding - 12 Reception Ring Close-Ups (March 18, 1995)	265	0.02161585	0	0
1995 - Jim & Linda Wedding - 12 Reception Ring Close-Ups (March 18, 1995)	266	0.10581471	0	0
1995 - Jim & Linda Wedding - 12 Reception Ring Close-Ups (March 18, 1995)	267	0.06638931	0	0
1995 - Jim & Linda Wedding - 12 Reception Ring Close-Ups (March 18, 1995)	268	0.15251410	0	0
1995 - Jim & Linda Wedding - 12 Reception Ring Close-Ups (March 18, 1995)	269	0.09619777	0	0
1995 - Jim & Linda Wedding - 12 Reception Ring Close-Ups (March 18, 1995)	270	0.03624999	0	0
1995 - Jim & Linda Wedding - 12 Reception Ring Close-Ups (March 18, 1995)	271	-0.01666489	0	0
1995 - Jim & Linda Wedding - 12 Reception Ring Close-Ups (March 18, 1995)	272	-0.01150520	0	0
1995 - Jim & Linda Wedding - 12 Reception Ring Close-Ups (March 18, 1995)	273	-0.16701190	0	0
1995 - Jim & Linda Wedding - 12 Reception Ring Close-Ups (March 18, 1995)	274	-0.23670405	0	0
1995 - Jim & Linda Wedding - 12 Reception Ring Close-Ups (March 18, 1995)	275	-0.35999213	0	0
1995 - Jim & Linda Wedding - 12 Reception Ring Close-Ups (March 18, 1995)	276	-0.33046694	0	0
1995 - Jim & Linda Wedding - 12 Reception Ring Close-Ups (March 18, 1995)	277	-0.33677159	0	0
1995 - Jim & Linda Wedding - 12 Reception Ring Close-Ups (March 18, 1995)	278	-0.36795529	0	0
1995 - Jim & Linda Wedding - 12 Reception Ring Close-Ups (March 18, 1995)	279	-0.45068165	0	0
1995 - Jim & Linda Wedding - 12 Reception Ring Close-Ups (March 18, 1995)	280	-0.42254646	0	0
1995 - Jim & Linda Wedding - 12 Reception Ring Close-Ups (March 18, 1995)	281	-0.39803783	0	0
1995 - Jim & Linda Wedding - 12 Reception Ring Close-Ups (March 18, 1995)	282	-0.27061364	0	0
1995 - Jim & Linda Wedding - 12 Reception Ring Close-Ups (March 18, 1995)	283	-0.46758459	0	0
1995 - Jim & Linda Wedding - 12 Reception Ring Close-Ups (March 18, 1995)	284	-0.43281395	0	0
1995 - Jim & Linda Wedding - 12 Reception Ring Close-Ups (March 18, 1995)	285	-0.41104700	0	0
1995 - Jim & Linda Wedding - 12 Reception Ring Close-Ups (March 18, 1995)	286	-0.17541859	0	0
1995 - Jim & Linda Wedding - 12 Reception Ring Close-Ups (March 18, 1995)	287	-0.28386100	0	0
1995 - Jim & Linda Wedding - 12 Reception Ring Close-Ups (March 18, 1995)	288	-0.00276565	0	0
1995 - Jim & Linda Wedding - 12 Reception Ring Close-Ups (March 18, 1995)	289	-0.14786926	0	0
1995 - Jim & Linda Wedding - 12 Reception Ring Close-Ups (March 18, 1995)	290	-0.11724582	0	0
1995 - Jim & Linda Wedding - 12 Reception Ring Close-Ups (March 18, 1995)	291	1.68622621	0	0
1995 - Jim & Linda Wedding - 12 Reception Ring Close-Ups (March 18, 1995)	292	0.50751563	0	0
1995 - Jim & Linda Wedding - 12 Reception Ring Close-Ups (March 18, 1995)	293	2.39743436	1	0
1995 - Jim & Linda Wedding - 12 Reception Ring Close-Ups (March 18, 1995)	294	2.95505495	1	0
1995 - Jim & Linda Wedding - 12 Reception Ring Close-Ups (March 18, 1995)	295	0.98349796	0	0
1995 - Jim & Linda Wedding - 12 Reception Ring Close-Ups (March 18, 1995)	296	0.71384429	0	0
1995 - Jim & Linda Wedding - 12 Reception Ring Close-Ups (March 18, 1995)	297	0.95666399	0	0
1995 - Jim & Linda Wedding - 12 Reception Ring Close-Ups (March 18, 1995)	298	0.94161787	0	0
1995 - Jim & Linda Wedding - 12 Reception Ring Close-Ups (March 18, 1995)	299	0.90078528	0	0
1995 - Jim & Linda Wedding - 12 Reception Ring Close-Ups (March 18, 1995)	300	0.56801171	1	1
1995 - Jim & Linda Wedding - 12 Reception Ring Close-Ups (March 18, 1995)	301	16.72851459	1	0
1995 - Jim & Linda Wedding - 12 Reception Ring Close-Ups (March 18, 1995)	302	7.52812574	1	0
1995 - Jim & Linda Wedding - 12 Reception Ring Close-Ups (March 18, 1995)	303	4.05067167	1	0
1995 - Jim & Linda Wedding - 12 Reception Ring Close-Ups (March 18, 1995)	304	15.69116627	1	0
1995 - Jim & Linda Wedding - 12 Reception Ring Close-Ups (March 18, 1995)	305	9.37117589	1	0
1995 - Jim & Linda Wedding - 12 Reception Ring Close-Ups (March 18, 1995)	306	2.82539626	1	0
1995 - Jim & Linda Wedding - 12 Reception Ring Close-Ups (March 18, 1995)	307	7.77157452	1	0
1995 - Jim & Linda Wedding - 12 Reception Ring Close-Ups (March 18, 1995)	308	8.30677965	1	0
