frame	label	score	png_path
0	good	-2.09832060	good/good_frame_00000000.png
66	good	-2.09832060	good/good_frame_00000066.png
132	good	0.40827162	good/good_frame_00000132.png
198	good	1.10686415	good/good_frame_00000198.png
264	good	-0.08052187	good/good_frame_00000264.png
330	good	1.48679369	good/good_frame_00000330.png
396	good	1.52715358	good/good_frame_00000396.png
462	good	-0.35304940	good/good_frame_00000462.png
528	good	0.18118790	good/good_frame_00000528.png
594	good	1.33893956	good/good_frame_00000594.png
660	good	2.03306777	good/good_frame_00000660.png
726	good	0.51365944	good/good_frame_00000726.png
792	good	1.03417389	good/good_frame_00000792.png
858	good	0.30558942	good/good_frame_00000858.png
924	good	0.17733588	good/good_frame_00000924.png
991	good	1.14144095	good/good_frame_00000991.png
1057	good	1.82119459	good/good_frame_00001057.png
1123	good	0.20909021	good/good_frame_00001123.png
1189	good	0.27892631	good/good_frame_00001189.png
1255	good	0.35616757	good/good_frame_00001255.png
1321	good	0.70459868	good/good_frame_00001321.png
1387	good	0.46577494	good/good_frame_00001387.png
1453	good	0.58089716	good/good_frame_00001453.png
1519	good	0.97494017	good/good_frame_00001519.png
1585	good	0.38870079	good/good_frame_00001585.png
1651	good	0.61488374	good/good_frame_00001651.png
1717	good	0.48337808	good/good_frame_00001717.png
1783	good	0.07085726	good/good_frame_00001783.png
1849	good	0.06327052	good/good_frame_00001849.png
1916	good	0.48648616	good/good_frame_00001916.png
1982	good	0.12704197	good/good_frame_00001982.png
2048	good	2.54582312	good/good_frame_00002048.png
2114	good	1.30117442	good/good_frame_00002114.png
2180	good	1.77827045	good/good_frame_00002180.png
2246	good	0.84117636	good/good_frame_00002246.png
2312	good	0.29767277	good/good_frame_00002312.png
2378	good	0.39757203	good/good_frame_00002378.png
2444	good	-0.07675697	good/good_frame_00002444.png
2510	good	-0.18070442	good/good_frame_00002510.png
2576	good	-0.23531986	good/good_frame_00002576.png
2642	good	-0.18853961	good/good_frame_00002642.png
2708	good	-0.21576142	good/good_frame_00002708.png
2774	good	0.25443366	good/good_frame_00002774.png
2841	good	0.12944655	good/good_frame_00002841.png
2907	good	1.31307922	good/good_frame_00002907.png
2973	good	-0.13913945	good/good_frame_00002973.png
3039	good	0.11657276	good/good_frame_00003039.png
3105	good	0.80482370	good/good_frame_00003105.png
3171	good	0.51690967	good/good_frame_00003171.png
3237	good	0.48553155	good/good_frame_00003237.png
3303	good	0.83460958	good/good_frame_00003303.png
3369	good	0.30790699	good/good_frame_00003369.png
3435	good	0.86943544	good/good_frame_00003435.png
3501	good	0.16181909	good/good_frame_00003501.png
3567	good	0.72243593	good/good_frame_00003567.png
3633	good	0.59119862	good/good_frame_00003633.png
3699	good	0.33611946	good/good_frame_00003699.png
3766	good	0.40497513	good/good_frame_00003766.png
3832	good	12.15850283	good/good_frame_00003832.png
3898	good	0.96273856	good/good_frame_00003898.png
3964	good	1.70578660	good/good_frame_00003964.png
4030	good	0.29245734	good/good_frame_00004030.png
4096	good	0.72568353	good/good_frame_00004096.png
4162	good	0.57724545	good/good_frame_00004162.png
4228	good	0.81047925	good/good_frame_00004228.png
4294	good	0.49298318	good/good_frame_00004294.png
4360	good	0.91067231	good/good_frame_00004360.png
4426	good	-0.28208335	good/good_frame_00004426.png
4492	good	0.16161256	good/good_frame_00004492.png
4558	good	-0.39129146	good/good_frame_00004558.png
4624	good	2.71450734	good/good_frame_00004624.png
4691	good	1.03653180	good/good_frame_00004691.png
4757	good	0.52805710	good/good_frame_00004757.png
4823	good	0.94785258	good/good_frame_00004823.png
4889	good	0.13725293	good/good_frame_00004889.png
4955	good	0.27412137	good/good_frame_00004955.png
5021	good	0.70847781	good/good_frame_00005021.png
5087	good	0.57196370	good/good_frame_00005087.png
5153	good	0.50712905	good/good_frame_00005153.png
5219	good	-0.27336189	good/good_frame_00005219.png
5285	good	0.44731476	good/good_frame_00005285.png
5351	good	3.97501431	good/good_frame_00005351.png
5417	good	-0.00244571	good/good_frame_00005417.png
5483	good	0.10997140	good/good_frame_00005483.png
5549	good	0.44955326	good/good_frame_00005549.png
5616	good	0.98349061	good/good_frame_00005616.png
5682	good	0.37783258	good/good_frame_00005682.png
5748	good	0.84261951	good/good_frame_00005748.png
5814	good	0.30213691	good/good_frame_00005814.png
5880	good	0.25801511	good/good_frame_00005880.png
5946	good	0.69331106	good/good_frame_00005946.png
6012	good	0.33708691	good/good_frame_00006012.png
6078	good	9.67777455	good/good_frame_00006078.png
6144	good	0.54705794	good/good_frame_00006144.png
6210	good	-0.04252764	good/good_frame_00006210.png
6276	good	0.18771427	good/good_frame_00006276.png
6342	good	2.30463039	good/good_frame_00006342.png
6408	good	2.66568136	good/good_frame_00006408.png
6474	good	0.99557536	good/good_frame_00006474.png
6541	good	1.86290364	good/good_frame_00006541.png
6607	good	1.37166919	good/good_frame_00006607.png
6673	good	0.25824571	good/good_frame_00006673.png
6739	good	0.71319500	good/good_frame_00006739.png
6805	good	0.37135016	good/good_frame_00006805.png
6871	good	0.32417484	good/good_frame_00006871.png
6937	good	0.30489688	good/good_frame_00006937.png
7003	good	0.65653165	good/good_frame_00007003.png
7069	good	0.38364895	good/good_frame_00007069.png
7135	good	0.28109898	good/good_frame_00007135.png
7201	good	1.20523242	good/good_frame_00007201.png
7267	good	0.25809974	good/good_frame_00007267.png
7333	good	-0.15008342	good/good_frame_00007333.png
7399	good	0.89573273	good/good_frame_00007399.png
7466	good	2.95228108	good/good_frame_00007466.png
7532	good	0.05063814	good/good_frame_00007532.png
7598	good	2.86241857	good/good_frame_00007598.png
7664	good	0.40697569	good/good_frame_00007664.png
7730	good	1.79578975	good/good_frame_00007730.png
7796	good	0.75365433	good/good_frame_00007796.png
7862	good	2.74051560	good/good_frame_00007862.png
7928	good	1.90916154	good/good_frame_00007928.png
7994	good	0.77201219	good/good_frame_00007994.png
8060	good	0.33265244	good/good_frame_00008060.png
8126	good	0.53989745	good/good_frame_00008126.png
8192	good	0.37548886	good/good_frame_00008192.png
8258	good	0.36591504	good/good_frame_00008258.png
8324	good	0.56386888	good/good_frame_00008324.png
8391	good	-0.19789523	good/good_frame_00008391.png
8457	good	0.07901017	good/good_frame_00008457.png
8523	good	0.12030022	good/good_frame_00008523.png
8589	good	0.53453645	good/good_frame_00008589.png
8655	good	0.42846363	good/good_frame_00008655.png
8721	good	0.86347963	good/good_frame_00008721.png
8787	good	0.19691020	good/good_frame_00008787.png
8853	good	0.28021023	good/good_frame_00008853.png
8919	good	1.10443690	good/good_frame_00008919.png
8985	good	-0.10460827	good/good_frame_00008985.png
9051	good	1.10584292	good/good_frame_00009051.png
9117	good	0.52271141	good/good_frame_00009117.png
9183	good	0.62232702	good/good_frame_00009183.png
9249	good	0.84209440	good/good_frame_00009249.png
9316	good	0.38204957	good/good_frame_00009316.png
9382	good	1.22436464	good/good_frame_00009382.png
9448	good	0.31718627	good/good_frame_00009448.png
9514	good	0.37572147	good/good_frame_00009514.png
9580	good	0.09787626	good/good_frame_00009580.png
9646	good	-0.00656293	good/good_frame_00009646.png
9712	good	0.30264336	good/good_frame_00009712.png
9778	good	0.37703923	good/good_frame_00009778.png
9844	good	0.67396477	good/good_frame_00009844.png
9910	good	0.09524265	good/good_frame_00009910.png
9976	good	0.04274748	good/good_frame_00009976.png
10042	good	0.08649676	good/good_frame_00010042.png
10108	good	1.21875427	good/good_frame_00010108.png
10174	good	0.72717128	good/good_frame_00010174.png
10241	good	0.36363732	good/good_frame_00010241.png
10307	good	0.65476570	good/good_frame_00010307.png
10373	good	0.48144833	good/good_frame_00010373.png
10439	good	0.58504856	good/good_frame_00010439.png
10505	good	-0.05202576	good/good_frame_00010505.png
10571	good	0.17921737	good/good_frame_00010571.png
10637	good	0.50732759	good/good_frame_00010637.png
10703	good	0.39932703	good/good_frame_00010703.png
10769	good	0.35595511	good/good_frame_00010769.png
10835	good	0.07805245	good/good_frame_00010835.png
10901	good	0.90767708	good/good_frame_00010901.png
10967	good	0.30379198	good/good_frame_00010967.png
11033	good	-0.02643607	good/good_frame_00011033.png
11099	good	0.47054910	good/good_frame_00011099.png
11166	good	0.14933181	good/good_frame_00011166.png
11232	good	-0.00127426	good/good_frame_00011232.png
11298	good	0.19248415	good/good_frame_00011298.png
11364	good	0.37539437	good/good_frame_00011364.png
11430	good	1.28355247	good/good_frame_00011430.png
11496	good	13.59750822	good/good_frame_00011496.png
11562	good	1.39186741	good/good_frame_00011562.png
11628	good	0.65331567	good/good_frame_00011628.png
11694	good	0.63416323	good/good_frame_00011694.png
11760	good	0.29103187	good/good_frame_00011760.png
11826	good	0.57366262	good/good_frame_00011826.png
11892	good	0.31644211	good/good_frame_00011892.png
11958	good	0.06060319	good/good_frame_00011958.png
12024	good	0.12165087	good/good_frame_00012024.png
12091	good	0.61158610	good/good_frame_00012091.png
12157	good	0.47020943	good/good_frame_00012157.png
12223	good	0.10779035	good/good_frame_00012223.png
12289	good	0.13344215	good/good_frame_00012289.png
12355	good	0.10593180	good/good_frame_00012355.png
12421	good	0.05956039	good/good_frame_00012421.png
12487	good	0.01973004	good/good_frame_00012487.png
12553	good	0.40981287	good/good_frame_00012553.png
12619	good	0.81062692	good/good_frame_00012619.png
12685	good	0.14089918	good/good_frame_00012685.png
12751	good	0.45601185	good/good_frame_00012751.png
12817	good	0.04120055	good/good_frame_00012817.png
12883	good	0.63609851	good/good_frame_00012883.png
12949	good	0.27502324	good/good_frame_00012949.png
13016	good	0.45624781	good/good_frame_00013016.png
13082	good	0.44554770	good/good_frame_00013082.png
13148	good	0.11248281	good/good_frame_00013148.png
13214	good	0.75325506	good/good_frame_00013214.png
13280	good	0.08193573	good/good_frame_00013280.png
13346	good	0.53169749	good/good_frame_00013346.png
13412	good	1.46851770	good/good_frame_00013412.png
13478	good	1.52191758	good/good_frame_00013478.png
13544	good	0.78420027	good/good_frame_00013544.png
13610	good	0.43623679	good/good_frame_00013610.png
13676	good	0.08889016	good/good_frame_00013676.png
13742	good	0.83598735	good/good_frame_00013742.png
13808	good	0.84810742	good/good_frame_00013808.png
13874	good	0.43855588	good/good_frame_00013874.png
13940	good	0.31037226	good/good_frame_00013940.png
14007	good	0.28634800	good/good_frame_00014007.png
14073	good	0.77744311	good/good_frame_00014073.png
14139	good	0.30210147	good/good_frame_00014139.png
14205	good	0.24335965	good/good_frame_00014205.png
14271	good	0.98688820	good/good_frame_00014271.png
14337	good	0.22443723	good/good_frame_00014337.png
14403	good	0.28329360	good/good_frame_00014403.png
14469	good	0.37796533	good/good_frame_00014469.png
14535	good	0.87546558	good/good_frame_00014535.png
14601	good	0.57902041	good/good_frame_00014601.png
14667	good	0.10378005	good/good_frame_00014667.png
14733	good	1.61770169	good/good_frame_00014733.png
14799	good	0.41618951	good/good_frame_00014799.png
14865	good	0.77412177	good/good_frame_00014865.png
14932	good	0.35093613	good/good_frame_00014932.png
14998	good	0.47752231	good/good_frame_00014998.png
15064	good	0.76891171	good/good_frame_00015064.png
15130	good	1.00803607	good/good_frame_00015130.png
15196	good	0.68513784	good/good_frame_00015196.png
15262	good	0.63763330	good/good_frame_00015262.png
15328	good	0.15970005	good/good_frame_00015328.png
15394	good	-0.18261466	good/good_frame_00015394.png
15460	good	0.67496391	good/good_frame_00015460.png
15526	good	0.07030040	good/good_frame_00015526.png
15592	good	-0.22332182	good/good_frame_00015592.png
15658	good	0.13490125	good/good_frame_00015658.png
15724	good	0.22443671	good/good_frame_00015724.png
15790	good	-0.02064058	good/good_frame_00015790.png
15857	good	1.47993868	good/good_frame_00015857.png
15923	good	1.26843432	good/good_frame_00015923.png
15989	good	0.77228697	good/good_frame_00015989.png
16055	good	0.78211645	good/good_frame_00016055.png
16121	good	1.56716494	good/good_frame_00016121.png
16187	good	0.19189153	good/good_frame_00016187.png
16253	good	1.46807908	good/good_frame_00016253.png
16319	good	0.01003643	good/good_frame_00016319.png
16385	good	0.31055302	good/good_frame_00016385.png
16451	good	0.12101778	good/good_frame_00016451.png
16517	good	0.74476123	good/good_frame_00016517.png
16583	good	0.35481111	good/good_frame_00016583.png
16649	good	0.61260374	good/good_frame_00016649.png
16715	good	0.08263057	good/good_frame_00016715.png
16782	good	0.09686303	good/good_frame_00016782.png
16848	good	0.14493761	good/good_frame_00016848.png
16914	good	0.34230853	good/good_frame_00016914.png
16980	good	0.37965404	good/good_frame_00016980.png
17046	good	0.48053425	good/good_frame_00017046.png
17112	good	0.23907229	good/good_frame_00017112.png
17178	good	-0.11327702	good/good_frame_00017178.png
17244	good	0.42671298	good/good_frame_00017244.png
17310	good	3.85962361	good/good_frame_00017310.png
17376	good	1.34703575	good/good_frame_00017376.png
17442	good	0.11367732	good/good_frame_00017442.png
17508	good	0.39134926	good/good_frame_00017508.png
17574	good	0.15080366	good/good_frame_00017574.png
17640	good	1.42598131	good/good_frame_00017640.png
17707	good	0.00530725	good/good_frame_00017707.png
17773	good	0.87734881	good/good_frame_00017773.png
17839	good	0.47304468	good/good_frame_00017839.png
17905	good	0.26313646	good/good_frame_00017905.png
17971	good	18.61961231	good/good_frame_00017971.png
18037	good	0.78014839	good/good_frame_00018037.png
18103	good	0.59660420	good/good_frame_00018103.png
18169	good	0.27812631	good/good_frame_00018169.png
18235	good	1.12685924	good/good_frame_00018235.png
18301	good	0.44236019	good/good_frame_00018301.png
18367	good	0.43673412	good/good_frame_00018367.png
18433	good	-0.18755278	good/good_frame_00018433.png
18499	good	-0.15702875	good/good_frame_00018499.png
18565	good	0.45059704	good/good_frame_00018565.png
18632	good	0.44852095	good/good_frame_00018632.png
18698	good	0.33342164	good/good_frame_00018698.png
18764	good	0.14305993	good/good_frame_00018764.png
18830	good	0.40544423	good/good_frame_00018830.png
18896	good	0.26575528	good/good_frame_00018896.png
18962	good	-0.23869536	good/good_frame_00018962.png
19028	good	-0.12871301	good/good_frame_00019028.png
19094	good	-0.14062996	good/good_frame_00019094.png
19160	good	0.37399980	good/good_frame_00019160.png
19226	good	0.02153582	good/good_frame_00019226.png
19292	good	0.74149067	good/good_frame_00019292.png
19358	good	0.00409403	good/good_frame_00019358.png
19424	good	1.33781842	good/good_frame_00019424.png
19490	good	0.74564966	good/good_frame_00019490.png
19557	good	2.59821561	good/good_frame_00019557.png
19623	good	0.46779826	good/good_frame_00019623.png
19689	good	0.85766854	good/good_frame_00019689.png
19755	good	0.47904891	good/good_frame_00019755.png
19821	good	-0.04890265	good/good_frame_00019821.png
19887	good	0.13546154	good/good_frame_00019887.png
19953	good	0.22492342	good/good_frame_00019953.png
20019	good	0.64940065	good/good_frame_00020019.png
20085	good	0.23709984	good/good_frame_00020085.png
20151	good	0.27608500	good/good_frame_00020151.png
20217	good	0.14139234	good/good_frame_00020217.png
20283	good	0.10762127	good/good_frame_00020283.png
20349	good	0.14595938	good/good_frame_00020349.png
20415	good	-0.15736809	good/good_frame_00020415.png
20482	good	0.01574043	good/good_frame_00020482.png
20548	good	-0.09553838	good/good_frame_00020548.png
20614	good	0.37994001	good/good_frame_00020614.png
20680	good	-0.23909770	good/good_frame_00020680.png
20746	good	-0.12525600	good/good_frame_00020746.png
20812	good	-0.38832659	good/good_frame_00020812.png
20878	good	0.06843541	good/good_frame_00020878.png
20944	good	-0.24565052	good/good_frame_00020944.png
21010	good	0.02880057	good/good_frame_00021010.png
21076	good	-0.01997956	good/good_frame_00021076.png
21142	good	0.82675291	good/good_frame_00021142.png
21208	good	0.49303868	good/good_frame_00021208.png
21274	good	0.68220288	good/good_frame_00021274.png
21340	good	-0.05037424	good/good_frame_00021340.png
21407	good	0.39984957	good/good_frame_00021407.png
21473	good	0.27023468	good/good_frame_00021473.png
21539	good	0.23113440	good/good_frame_00021539.png
21605	good	-0.05400217	good/good_frame_00021605.png
21671	good	0.14191329	good/good_frame_00021671.png
21737	good	0.06782947	good/good_frame_00021737.png
21803	good	0.22773778	good/good_frame_00021803.png
21869	good	0.22130058	good/good_frame_00021869.png
21935	good	0.10672818	good/good_frame_00021935.png
22001	good	-0.01082212	good/good_frame_00022001.png
22067	good	-0.06370256	good/good_frame_00022067.png
22133	good	0.58163620	good/good_frame_00022133.png
22199	good	0.02608938	good/good_frame_00022199.png
22265	good	-0.00579360	good/good_frame_00022265.png
22332	good	0.19094173	good/good_frame_00022332.png
22398	good	0.24414545	good/good_frame_00022398.png
22464	good	0.06579684	good/good_frame_00022464.png
22530	good	0.33577630	good/good_frame_00022530.png
22596	good	0.08590362	good/good_frame_00022596.png
22662	good	0.32266685	good/good_frame_00022662.png
22728	good	0.54462679	good/good_frame_00022728.png
22794	good	-0.16686315	good/good_frame_00022794.png
22860	good	1.00966981	good/good_frame_00022860.png
22926	good	-0.05143778	good/good_frame_00022926.png
22992	good	0.15590894	good/good_frame_00022992.png
23058	good	0.34503073	good/good_frame_00023058.png
23124	good	0.66683289	good/good_frame_00023124.png
23190	good	0.79152085	good/good_frame_00023190.png
23257	good	0.04019083	good/good_frame_00023257.png
23323	good	1.50605978	good/good_frame_00023323.png
23389	good	0.49655571	good/good_frame_00023389.png
23455	good	3.05259520	good/good_frame_00023455.png
23521	good	2.42786455	good/good_frame_00023521.png
23587	good	2.04115322	good/good_frame_00023587.png
23653	good	0.03990416	good/good_frame_00023653.png
23719	good	0.82462036	good/good_frame_00023719.png
23785	good	0.91580557	good/good_frame_00023785.png
23851	good	1.94916856	good/good_frame_00023851.png
23917	good	0.32206942	good/good_frame_00023917.png
23983	good	0.33064961	good/good_frame_00023983.png
24049	good	0.56965953	good/good_frame_00024049.png
24115	good	0.69475152	good/good_frame_00024115.png
24182	good	0.37495624	good/good_frame_00024182.png
24248	good	0.26065370	good/good_frame_00024248.png
24314	good	0.41361242	good/good_frame_00024314.png
24380	good	0.72639505	good/good_frame_00024380.png
24446	good	0.83347334	good/good_frame_00024446.png
24512	good	0.16851630	good/good_frame_00024512.png
24578	good	1.84392905	good/good_frame_00024578.png
24644	good	-0.03075547	good/good_frame_00024644.png
24710	good	-0.77680776	good/good_frame_00024710.png
24776	good	-0.67686157	good/good_frame_00024776.png
24842	good	0.11388401	good/good_frame_00024842.png
24908	good	0.20475499	good/good_frame_00024908.png
24974	good	0.31467590	good/good_frame_00024974.png
25040	good	-0.12360854	good/good_frame_00025040.png
25107	good	-0.26200159	good/good_frame_00025107.png
25173	good	1.16297320	good/good_frame_00025173.png
25239	good	1.59932916	good/good_frame_00025239.png
25305	good	0.27089980	good/good_frame_00025305.png
25371	good	0.21342734	good/good_frame_00025371.png
25437	good	0.21967477	good/good_frame_00025437.png
25503	good	-0.05612503	good/good_frame_00025503.png
25569	good	0.05939295	good/good_frame_00025569.png
25635	good	0.18292398	good/good_frame_00025635.png
25701	good	0.51743732	good/good_frame_00025701.png
25767	good	0.20486382	good/good_frame_00025767.png
25833	good	0.17664466	good/good_frame_00025833.png
25899	good	0.15041632	good/good_frame_00025899.png
25965	good	0.43158624	good/good_frame_00025965.png
26032	good	0.15806192	good/good_frame_00026032.png
26098	good	-0.16416904	good/good_frame_00026098.png
26164	good	0.08311319	good/good_frame_00026164.png
26230	good	1.08314780	good/good_frame_00026230.png
26296	good	0.19685281	good/good_frame_00026296.png
26362	good	0.56188363	good/good_frame_00026362.png
26428	good	0.34249468	good/good_frame_00026428.png
26494	good	-0.29955173	good/good_frame_00026494.png
26560	good	-0.03439033	good/good_frame_00026560.png
26626	good	0.79759353	good/good_frame_00026626.png
26692	good	2.27107668	good/good_frame_00026692.png
26758	good	0.40373824	good/good_frame_00026758.png
26824	good	0.71431097	good/good_frame_00026824.png
26890	good	3.83426483	good/good_frame_00026890.png
26956	good	1.20687152	good/good_frame_00026956.png
27023	good	0.26999989	good/good_frame_00027023.png
27089	good	1.08465555	good/good_frame_00027089.png
27155	good	1.12324515	good/good_frame_00027155.png
27221	good	0.51951024	good/good_frame_00027221.png
27287	good	0.96028645	good/good_frame_00027287.png
27353	good	1.65731450	good/good_frame_00027353.png
27419	good	0.49766078	good/good_frame_00027419.png
27485	good	0.69648786	good/good_frame_00027485.png
27551	good	0.62280973	good/good_frame_00027551.png
27617	good	0.12376639	good/good_frame_00027617.png
27683	good	-0.04406277	good/good_frame_00027683.png
27749	good	0.50320351	good/good_frame_00027749.png
27815	good	0.90479250	good/good_frame_00027815.png
27881	good	1.43989265	good/good_frame_00027881.png
27948	good	8.45090480	good/good_frame_00027948.png
28014	good	0.94512693	good/good_frame_00028014.png
28080	good	0.92837610	good/good_frame_00028080.png
28146	good	0.38316088	good/good_frame_00028146.png
28212	good	0.54516785	good/good_frame_00028212.png
28278	good	-0.15625781	good/good_frame_00028278.png
28344	good	-0.06518653	good/good_frame_00028344.png
28410	good	-0.26522951	good/good_frame_00028410.png
28476	good	0.18849533	good/good_frame_00028476.png
28542	good	0.85796817	good/good_frame_00028542.png
28608	good	0.10550037	good/good_frame_00028608.png
28674	good	0.16218074	good/good_frame_00028674.png
28740	good	0.47957134	good/good_frame_00028740.png
28806	good	0.46648016	good/good_frame_00028806.png
28873	good	0.22900491	good/good_frame_00028873.png
28901	bad	74.31734165	bad/bad_frame_00028901.png
28940	good	0.01018966	good/good_frame_00028940.png
29006	good	-0.15976659	good/good_frame_00029006.png
29056	bad	66.57986908	bad/bad_frame_00029056.png
29073	good	-0.07907069	good/good_frame_00029073.png
29139	good	0.29401725	good/good_frame_00029139.png
29205	good	0.36516025	good/good_frame_00029205.png
29271	good	-0.09322916	good/good_frame_00029271.png
29337	good	0.49715779	good/good_frame_00029337.png
29403	good	-0.05798109	good/good_frame_00029403.png
29469	good	0.38840225	good/good_frame_00029469.png
29495	bad	96.00384107	bad/bad_frame_00029495.png
29536	good	-0.21779212	good/good_frame_00029536.png
29602	good	-0.17542909	good/good_frame_00029602.png
29668	good	-0.23559141	good/good_frame_00029668.png
29734	good	-0.06118770	good/good_frame_00029734.png
29801	bad	76.96666424	bad/bad_frame_00029801.png
29802	good	-0.19784302	good/good_frame_00029802.png
29868	good	0.38080921	good/good_frame_00029868.png
29934	good	0.15405990	good/good_frame_00029934.png
30000	good	0.10728508	good/good_frame_00030000.png
30066	good	0.07145219	good/good_frame_00030066.png
30132	good	0.13468108	good/good_frame_00030132.png
30198	good	0.20734080	good/good_frame_00030198.png
30264	good	-0.23828685	good/good_frame_00030264.png
30330	good	0.39569228	good/good_frame_00030330.png
30396	good	0.40684533	good/good_frame_00030396.png
30462	good	0.40369169	good/good_frame_00030462.png
30528	good	0.09627831	good/good_frame_00030528.png
30594	good	0.19368332	good/good_frame_00030594.png
30660	good	0.07888480	good/good_frame_00030660.png
30727	good	0.49341002	good/good_frame_00030727.png
30793	good	0.25336212	good/good_frame_00030793.png
30859	good	0.17316211	good/good_frame_00030859.png
30925	good	0.20881733	good/good_frame_00030925.png
30991	good	2.04515201	good/good_frame_00030991.png
31057	good	0.37150948	good/good_frame_00031057.png
31123	good	0.42044775	good/good_frame_00031123.png
31189	good	-0.30449500	good/good_frame_00031189.png
31255	good	-0.73603120	good/good_frame_00031255.png
31321	good	-0.58920164	good/good_frame_00031321.png
31387	good	-0.67230746	good/good_frame_00031387.png
31453	good	-0.56706339	good/good_frame_00031453.png
31519	good	-0.53679894	good/good_frame_00031519.png
31585	good	-0.67089789	good/good_frame_00031585.png
31652	good	-0.37521775	good/good_frame_00031652.png
31718	good	0.84780074	good/good_frame_00031718.png
31784	good	15.35171631	good/good_frame_00031784.png
31850	good	2.24230156	good/good_frame_00031850.png
31886	bad	82.43457126	bad/bad_frame_00031886.png
31917	good	13.68767740	good/good_frame_00031917.png
31983	good	0.78537739	good/good_frame_00031983.png
32049	good	1.14431674	good/good_frame_00032049.png
32115	good	1.41981587	good/good_frame_00032115.png
32181	good	1.17661209	good/good_frame_00032181.png
32247	good	0.60715901	good/good_frame_00032247.png
32313	good	0.57285177	good/good_frame_00032313.png
32379	good	0.67182808	good/good_frame_00032379.png
32445	good	0.84118583	good/good_frame_00032445.png
32511	good	14.72749205	good/good_frame_00032511.png
32578	good	9.34894587	good/good_frame_00032578.png
32644	good	7.77046795	good/good_frame_00032644.png
32710	good	1.66817050	good/good_frame_00032710.png
32776	good	1.49691318	good/good_frame_00032776.png
32842	good	1.16525779	good/good_frame_00032842.png
32908	good	0.58907619	good/good_frame_00032908.png
32974	good	0.77628395	good/good_frame_00032974.png
33040	good	0.08833386	good/good_frame_00033040.png
33106	good	1.14201582	good/good_frame_00033106.png
33172	good	0.50018682	good/good_frame_00033172.png
33238	good	1.04192064	good/good_frame_00033238.png
33304	good	1.63247116	good/good_frame_00033304.png
33370	good	2.09720875	good/good_frame_00033370.png
33436	good	0.61866542	good/good_frame_00033436.png
33503	good	0.62350814	good/good_frame_00033503.png
33569	good	0.71835358	good/good_frame_00033569.png
33635	good	0.18053394	good/good_frame_00033635.png
33701	good	0.29778279	good/good_frame_00033701.png
33767	good	0.52821317	good/good_frame_00033767.png
33833	good	1.15683592	good/good_frame_00033833.png
33899	good	1.39668683	good/good_frame_00033899.png
33965	good	2.20144781	good/good_frame_00033965.png
34031	good	1.34996029	good/good_frame_00034031.png
34097	good	0.75173133	good/good_frame_00034097.png
34163	good	5.72932915	good/good_frame_00034163.png
34229	good	0.81412755	good/good_frame_00034229.png
34295	good	0.32369996	good/good_frame_00034295.png
34361	good	0.42338300	good/good_frame_00034361.png
34428	good	0.41605895	good/good_frame_00034428.png
34494	good	0.60257989	good/good_frame_00034494.png
34560	good	1.72317269	good/good_frame_00034560.png
34626	good	1.56265160	good/good_frame_00034626.png
34692	good	0.80736292	good/good_frame_00034692.png
34758	good	1.10829532	good/good_frame_00034758.png
34824	good	0.84015537	good/good_frame_00034824.png
34890	good	1.44229895	good/good_frame_00034890.png
34956	good	2.81542861	good/good_frame_00034956.png
35022	good	2.48379571	good/good_frame_00035022.png
35088	good	2.40777982	good/good_frame_00035088.png
35154	good	1.94703938	good/good_frame_00035154.png
35220	good	1.75625649	good/good_frame_00035220.png
35286	good	1.66169633	good/good_frame_00035286.png
35353	good	1.45733437	good/good_frame_00035353.png
35419	good	1.70550189	good/good_frame_00035419.png
35485	good	2.02759734	good/good_frame_00035485.png
35551	good	1.77460654	good/good_frame_00035551.png
35617	good	0.98839588	good/good_frame_00035617.png
35683	good	0.97435630	good/good_frame_00035683.png
35749	good	0.06606084	good/good_frame_00035749.png
35815	good	0.20326834	good/good_frame_00035815.png
35881	good	0.70826881	good/good_frame_00035881.png
35947	good	-0.66355427	good/good_frame_00035947.png
36013	good	0.84038847	good/good_frame_00036013.png
36079	good	0.25072307	good/good_frame_00036079.png
36145	good	0.87516426	good/good_frame_00036145.png
36211	good	1.64090989	good/good_frame_00036211.png
36278	good	0.45389493	good/good_frame_00036278.png
36344	good	0.25084401	good/good_frame_00036344.png
36410	good	-0.09153496	good/good_frame_00036410.png
36476	good	0.47361584	good/good_frame_00036476.png
36542	good	0.87379981	good/good_frame_00036542.png
36608	good	2.87701100	good/good_frame_00036608.png
36674	good	1.59836768	good/good_frame_00036674.png
36740	good	1.84438926	good/good_frame_00036740.png
36806	good	1.00658662	good/good_frame_00036806.png
36872	good	0.72987905	good/good_frame_00036872.png
36938	good	0.70816130	good/good_frame_00036938.png
37004	good	3.54550028	good/good_frame_00037004.png
37070	good	1.60996672	good/good_frame_00037070.png
37136	good	2.47600847	good/good_frame_00037136.png
37203	good	1.26499293	good/good_frame_00037203.png
37269	good	1.34872468	good/good_frame_00037269.png
37335	good	1.44913594	good/good_frame_00037335.png
37401	good	1.06584507	good/good_frame_00037401.png
37467	good	1.24160087	good/good_frame_00037467.png
37533	good	1.67767019	good/good_frame_00037533.png
37599	good	1.61363410	good/good_frame_00037599.png
37665	good	0.11263877	good/good_frame_00037665.png
37731	good	-0.40741425	good/good_frame_00037731.png
37797	good	-1.00990139	good/good_frame_00037797.png
37863	good	-0.84805427	good/good_frame_00037863.png
37929	good	-0.99185362	good/good_frame_00037929.png
37995	good	-1.11925083	good/good_frame_00037995.png
38061	good	-1.04439926	good/good_frame_00038061.png
38128	good	-0.65043269	good/good_frame_00038128.png
38194	good	-0.64494538	good/good_frame_00038194.png
38260	good	-0.84303986	good/good_frame_00038260.png
38326	good	-0.67180366	good/good_frame_00038326.png
38392	good	-1.04231851	good/good_frame_00038392.png
38458	good	-0.76328552	good/good_frame_00038458.png
38524	good	-1.12473937	good/good_frame_00038524.png
38590	good	-0.97684251	good/good_frame_00038590.png
38656	good	-0.86357421	good/good_frame_00038656.png
38722	good	0.29572508	good/good_frame_00038722.png
38788	good	2.65780316	good/good_frame_00038788.png
38854	good	2.35746297	good/good_frame_00038854.png
38920	good	2.27946090	good/good_frame_00038920.png
38986	good	2.59764472	good/good_frame_00038986.png
39053	good	2.32680197	good/good_frame_00039053.png
39119	good	1.84973786	good/good_frame_00039119.png
39185	good	2.56125571	good/good_frame_00039185.png
39251	good	2.55896949	good/good_frame_00039251.png
39317	good	2.10911271	good/good_frame_00039317.png
39383	good	1.53823670	good/good_frame_00039383.png
39449	good	2.75702062	good/good_frame_00039449.png
39515	good	0.23242274	good/good_frame_00039515.png
39581	good	0.74632283	good/good_frame_00039581.png
39647	good	1.49050444	good/good_frame_00039647.png
39713	good	0.78443891	good/good_frame_00039713.png
39779	good	1.15685302	good/good_frame_00039779.png
39845	good	0.07643727	good/good_frame_00039845.png
39911	good	1.12334548	good/good_frame_00039911.png
39977	good	0.74111526	good/good_frame_00039977.png
40044	good	0.34131873	good/good_frame_00040044.png
40110	good	0.56880021	good/good_frame_00040110.png
40176	good	0.59471230	good/good_frame_00040176.png
40242	good	1.39572518	good/good_frame_00040242.png
40308	good	1.04056973	good/good_frame_00040308.png
40374	good	0.26362805	good/good_frame_00040374.png
40405	bad	84.18902989	bad/bad_frame_00040405.png
40441	good	0.78044131	good/good_frame_00040441.png
40507	good	-0.68226425	good/good_frame_00040507.png
40573	good	-0.40238163	good/good_frame_00040573.png
40639	good	-0.55144477	good/good_frame_00040639.png
40664	bad	127.53235512	bad/bad_frame_00040664.png
40706	good	-0.20078647	good/good_frame_00040706.png
40772	good	-0.60539333	good/good_frame_00040772.png
40838	good	-0.80862805	good/good_frame_00040838.png
40904	good	-1.21676792	good/good_frame_00040904.png
40971	good	-0.76028207	good/good_frame_00040971.png
41037	good	-0.82230244	good/good_frame_00041037.png
41103	good	0.00937703	good/good_frame_00041103.png
41169	good	-0.35279505	good/good_frame_00041169.png
41235	good	-0.21949604	good/good_frame_00041235.png
41301	good	-0.72094626	good/good_frame_00041301.png
41367	good	-0.56554354	good/good_frame_00041367.png
41433	good	-0.62845986	good/good_frame_00041433.png
41499	good	-0.58578616	good/good_frame_00041499.png
41546	bad	108.95479494	bad/bad_frame_00041546.png
41566	good	-0.62356337	good/good_frame_00041566.png
41632	good	-0.17791537	good/good_frame_00041632.png
41698	good	-0.90994036	good/good_frame_00041698.png
41764	good	-0.91843067	good/good_frame_00041764.png
41830	good	-0.96199785	good/good_frame_00041830.png
41897	good	-0.64548195	good/good_frame_00041897.png
41963	good	-0.80915400	good/good_frame_00041963.png
42029	good	-0.67205119	good/good_frame_00042029.png
42095	good	-0.68102591	good/good_frame_00042095.png
42161	good	-0.76331748	good/good_frame_00042161.png
42227	good	-0.62296191	good/good_frame_00042227.png
42293	good	-0.64833881	good/good_frame_00042293.png
42359	good	-0.59574625	good/good_frame_00042359.png
42425	good	-0.25423579	good/good_frame_00042425.png
42491	good	-0.68609559	good/good_frame_00042491.png
42557	good	-0.82641825	good/good_frame_00042557.png
42623	good	-0.85890063	good/good_frame_00042623.png
42689	good	-0.82119173	good/good_frame_00042689.png
42755	good	-0.18382423	good/good_frame_00042755.png
42822	good	-0.26133492	good/good_frame_00042822.png
42888	good	-0.80590268	good/good_frame_00042888.png
42954	good	-0.50320380	good/good_frame_00042954.png
43020	good	0.13047982	good/good_frame_00043020.png
43086	good	-0.72316878	good/good_frame_00043086.png
43152	good	-0.67675662	good/good_frame_00043152.png
43218	good	-1.04114850	good/good_frame_00043218.png
43284	good	-0.77254538	good/good_frame_00043284.png
43350	good	-0.86189566	good/good_frame_00043350.png
43416	good	-0.71610435	good/good_frame_00043416.png
43422	bad	106.64796107	bad/bad_frame_00043422.png
43483	good	-0.58913152	good/good_frame_00043483.png
43549	good	-0.73219643	good/good_frame_00043549.png
43615	good	-0.37123312	good/good_frame_00043615.png
43681	good	-0.72226199	good/good_frame_00043681.png
43748	good	-0.72251146	good/good_frame_00043748.png
43814	good	-0.60147638	good/good_frame_00043814.png
43880	good	-0.59297445	good/good_frame_00043880.png
43946	good	-0.94138274	good/good_frame_00043946.png
43952	bad	132.14820593	bad/bad_frame_00043952.png
44013	good	-0.78016883	good/good_frame_00044013.png
44079	good	-0.56508013	good/good_frame_00044079.png
44145	good	-0.35864002	good/good_frame_00044145.png
44202	bad	137.04259131	bad/bad_frame_00044202.png
44212	good	-0.05707540	good/good_frame_00044212.png
44278	good	-1.04556447	good/good_frame_00044278.png
44344	good	-0.63429916	good/good_frame_00044344.png
44410	good	-0.43216056	good/good_frame_00044410.png
44476	good	-0.28933352	good/good_frame_00044476.png
44542	good	-0.78180648	good/good_frame_00044542.png
44608	good	-0.51939135	good/good_frame_00044608.png
44675	good	-0.59275843	good/good_frame_00044675.png
44741	good	-0.98827755	good/good_frame_00044741.png
44807	good	-1.09647066	good/good_frame_00044807.png
44873	good	-0.99813841	good/good_frame_00044873.png
44939	good	-0.95708868	good/good_frame_00044939.png
45005	good	-0.54449794	good/good_frame_00045005.png
45071	good	-0.71124316	good/good_frame_00045071.png
45137	good	-0.63890536	good/good_frame_00045137.png
45203	good	-0.23379783	good/good_frame_00045203.png
45269	good	-0.49698257	good/good_frame_00045269.png
45335	good	-1.08490977	good/good_frame_00045335.png
45401	good	-0.91999547	good/good_frame_00045401.png
45467	good	-0.76759194	good/good_frame_00045467.png
45533	good	-0.52411102	good/good_frame_00045533.png
45600	good	-0.62403999	good/good_frame_00045600.png
45666	good	0.05482293	good/good_frame_00045666.png
45732	good	-0.55418737	good/good_frame_00045732.png
45798	good	-0.43413531	good/good_frame_00045798.png
45864	good	-0.32929760	good/good_frame_00045864.png
45930	good	-0.73536176	good/good_frame_00045930.png
45996	good	-0.74937887	good/good_frame_00045996.png
46062	good	-0.89176380	good/good_frame_00046062.png
46128	good	-0.37334690	good/good_frame_00046128.png
46194	good	-0.88786768	good/good_frame_00046194.png
46260	good	-0.62161314	good/good_frame_00046260.png
46326	good	-0.62958343	good/good_frame_00046326.png
46392	good	-0.94247938	good/good_frame_00046392.png
46458	good	-0.81888483	good/good_frame_00046458.png
46525	good	-0.24822704	good/good_frame_00046525.png
46591	good	-0.67465816	good/good_frame_00046591.png
46657	good	-0.65568567	good/good_frame_00046657.png
46723	good	-1.04385874	good/good_frame_00046723.png
46789	good	-0.29686032	good/good_frame_00046789.png
46855	good	-0.37079416	good/good_frame_00046855.png
46921	good	1.92934582	good/good_frame_00046921.png
46987	good	-1.15575108	good/good_frame_00046987.png
47053	good	-0.72849941	good/good_frame_00047053.png
47119	good	-0.24750090	good/good_frame_00047119.png
47151	bad	145.04295710	bad/bad_frame_00047151.png
47186	good	-0.44649060	good/good_frame_00047186.png
47252	good	-1.00091792	good/good_frame_00047252.png
47318	good	-0.98778148	good/good_frame_00047318.png
47384	good	-1.59544492	good/good_frame_00047384.png
47451	good	-1.16990890	good/good_frame_00047451.png
47517	good	-0.92808151	good/good_frame_00047517.png
47583	good	-0.58316350	good/good_frame_00047583.png
47649	good	-1.38775747	good/good_frame_00047649.png
47715	good	-0.89691014	good/good_frame_00047715.png
47781	good	-0.91536708	good/good_frame_00047781.png
47847	good	-0.79812361	good/good_frame_00047847.png
47913	good	-0.48220790	good/good_frame_00047913.png
47961	bad	140.30186797	bad/bad_frame_00047961.png
47980	good	-1.26586002	good/good_frame_00047980.png
48046	good	-0.68806449	good/good_frame_00048046.png
48112	good	-1.37298114	good/good_frame_00048112.png
48178	good	-1.31049930	good/good_frame_00048178.png
48244	good	-0.82433861	good/good_frame_00048244.png
48310	good	-1.34238620	good/good_frame_00048310.png
48362	bad	152.40398072	bad/bad_frame_00048362.png
48378	good	3.64985628	good/good_frame_00048378.png
48444	good	-1.29537787	good/good_frame_00048444.png
48510	good	-0.74151175	good/good_frame_00048510.png
48576	good	-0.28497563	good/good_frame_00048576.png
48642	good	-0.92324601	good/good_frame_00048642.png
48708	good	-0.91936126	good/good_frame_00048708.png
48774	good	-0.53544833	good/good_frame_00048774.png
48840	good	-1.16868389	good/good_frame_00048840.png
48906	good	-0.91162383	good/good_frame_00048906.png
48972	good	-0.77244570	good/good_frame_00048972.png
49038	good	-1.22352174	good/good_frame_00049038.png
49104	good	-1.12660607	good/good_frame_00049104.png
49170	good	-1.31576953	good/good_frame_00049170.png
49236	good	-1.61007412	good/good_frame_00049236.png
49303	good	-1.20076178	good/good_frame_00049303.png
49369	good	0.48534613	good/good_frame_00049369.png
49435	good	-0.92290814	good/good_frame_00049435.png
49501	good	0.55240612	good/good_frame_00049501.png
49567	good	-0.72993331	good/good_frame_00049567.png
49591	bad	159.83079963	bad/bad_frame_00049591.png
49634	good	-1.56551799	good/good_frame_00049634.png
49700	good	-0.87595801	good/good_frame_00049700.png
49766	good	-0.97419098	good/good_frame_00049766.png
49832	good	-0.42531420	good/good_frame_00049832.png
49898	good	-0.58352086	good/good_frame_00049898.png
49964	good	-1.13352684	good/good_frame_00049964.png
50030	good	-1.08034419	good/good_frame_00050030.png
50096	good	-1.17562792	good/good_frame_00050096.png
50162	good	-0.57475792	good/good_frame_00050162.png
50229	good	-0.58724034	good/good_frame_00050229.png
50295	good	-0.64405064	good/good_frame_00050295.png
50361	good	-0.70127766	good/good_frame_00050361.png
50427	good	-0.68413769	good/good_frame_00050427.png
50493	good	-0.85327942	good/good_frame_00050493.png
50559	good	-0.74893102	good/good_frame_00050559.png
50625	good	-1.05287962	good/good_frame_00050625.png
50641	bad	104.52152088	bad/bad_frame_00050641.png
50692	good	-1.17682780	good/good_frame_00050692.png
50758	good	-0.05629247	good/good_frame_00050758.png
50824	good	-0.89523446	good/good_frame_00050824.png
50890	good	-0.94453243	good/good_frame_00050890.png
50956	good	-0.77437547	good/good_frame_00050956.png
51022	good	-1.65849762	good/good_frame_00051022.png
51082	bad	129.51705834	bad/bad_frame_00051082.png
51089	good	-0.70609876	good/good_frame_00051089.png
51156	good	-1.16671320	good/good_frame_00051156.png
51222	good	-0.88601104	good/good_frame_00051222.png
51288	good	-1.53936002	good/good_frame_00051288.png
51354	good	-1.06564630	good/good_frame_00051354.png
51420	good	-0.99765899	good/good_frame_00051420.png
51486	good	-0.91421444	good/good_frame_00051486.png
51552	good	-0.53154943	good/good_frame_00051552.png
51618	good	-0.95598557	good/good_frame_00051618.png
51684	good	-1.63199188	good/good_frame_00051684.png
51750	good	-1.50826103	good/good_frame_00051750.png
51816	good	-1.17760759	good/good_frame_00051816.png
51882	good	-1.50867502	good/good_frame_00051882.png
51948	good	-1.47626248	good/good_frame_00051948.png
52014	good	-0.74092264	good/good_frame_00052014.png
52081	good	-0.77851954	good/good_frame_00052081.png
52147	good	-1.03664354	good/good_frame_00052147.png
52213	good	-1.58188607	good/good_frame_00052213.png
52279	good	-1.14694662	good/good_frame_00052279.png
52345	good	-1.60809927	good/good_frame_00052345.png
52411	good	-1.57378016	good/good_frame_00052411.png
52477	good	-1.44089120	good/good_frame_00052477.png
52517	bad	127.65294476	bad/bad_frame_00052517.png
52544	good	-1.74254765	good/good_frame_00052544.png
52610	good	-1.32224686	good/good_frame_00052610.png
52676	good	-1.53505149	good/good_frame_00052676.png
52742	good	-0.83072932	good/good_frame_00052742.png
52808	good	-1.45650136	good/good_frame_00052808.png
52874	good	-1.51148248	good/good_frame_00052874.png
52940	good	-1.30320367	good/good_frame_00052940.png
53006	good	-1.22590658	good/good_frame_00053006.png
53073	good	-0.49040392	good/good_frame_00053073.png
53139	good	-1.41141811	good/good_frame_00053139.png
53205	good	-1.12149147	good/good_frame_00053205.png
53271	good	-1.12183741	good/good_frame_00053271.png
53337	good	-0.99670762	good/good_frame_00053337.png
53403	good	-1.18049558	good/good_frame_00053403.png
53469	good	-1.35472603	good/good_frame_00053469.png
53535	good	-0.69636543	good/good_frame_00053535.png
53601	good	-1.47375066	good/good_frame_00053601.png
53667	good	-1.69312102	good/good_frame_00053667.png
53733	good	-1.65063584	good/good_frame_00053733.png
53799	good	-1.71794237	good/good_frame_00053799.png
53865	good	-1.55016396	good/good_frame_00053865.png
53931	good	-1.69289307	good/good_frame_00053931.png
53998	good	-1.57507587	good/good_frame_00053998.png
54016	bad	117.30759774	bad/bad_frame_00054016.png
54065	good	3.15743016	good/good_frame_00054065.png
54131	good	-1.10705510	good/good_frame_00054131.png
54197	good	-1.51372801	good/good_frame_00054197.png
54237	bad	151.62294634	bad/bad_frame_00054237.png
54264	good	-1.13946153	good/good_frame_00054264.png
54330	good	-1.20789440	good/good_frame_00054330.png
54396	good	-0.76292791	good/good_frame_00054396.png
54433	bad	138.55933038	bad/bad_frame_00054433.png
54463	good	-1.08075600	good/good_frame_00054463.png
54529	good	-0.25094887	good/good_frame_00054529.png
54595	good	-0.56962632	good/good_frame_00054595.png
54661	good	-1.64091869	good/good_frame_00054661.png
54727	good	-0.82598974	good/good_frame_00054727.png
54793	good	-1.71314923	good/good_frame_00054793.png
54859	good	-0.97810818	good/good_frame_00054859.png
54926	good	-1.47499402	good/good_frame_00054926.png
54992	good	-1.82280682	good/good_frame_00054992.png
55058	good	-1.71813358	good/good_frame_00055058.png
55124	good	-1.00075667	good/good_frame_00055124.png
55190	good	-0.19192878	good/good_frame_00055190.png
55256	good	-1.48374317	good/good_frame_00055256.png
55322	good	-0.39715152	good/good_frame_00055322.png
55388	good	-0.93468362	good/good_frame_00055388.png
55454	good	-1.80051245	good/good_frame_00055454.png
55520	good	-1.01825255	good/good_frame_00055520.png
55586	good	-1.58624762	good/good_frame_00055586.png
55652	good	-0.83057714	good/good_frame_00055652.png
55718	good	-1.61760610	good/good_frame_00055718.png
55784	good	-1.60876279	good/good_frame_00055784.png
55851	good	-1.06903191	good/good_frame_00055851.png
55911	bad	140.60485650	bad/bad_frame_00055911.png
55918	good	-1.72833520	good/good_frame_00055918.png
55984	good	-0.43195722	good/good_frame_00055984.png
56050	good	-1.75096611	good/good_frame_00056050.png
56116	good	-1.26474662	good/good_frame_00056116.png
56182	good	-1.49027028	good/good_frame_00056182.png
56248	good	-1.86472269	good/good_frame_00056248.png
56314	good	-1.87153986	good/good_frame_00056314.png
56380	good	-1.79003235	good/good_frame_00056380.png
56446	good	-0.31227766	good/good_frame_00056446.png
56512	good	-1.48446140	good/good_frame_00056512.png
56578	good	-0.13044582	good/good_frame_00056578.png
56638	bad	164.52020868	bad/bad_frame_00056638.png
56645	good	-1.60834563	good/good_frame_00056645.png
56711	good	-1.77580707	good/good_frame_00056711.png
56778	good	-0.69924804	good/good_frame_00056778.png
56844	good	-1.64947729	good/good_frame_00056844.png
56910	good	0.38577746	good/good_frame_00056910.png
56976	good	-1.41790028	good/good_frame_00056976.png
57042	good	-0.80324768	good/good_frame_00057042.png
57108	good	-0.89792737	good/good_frame_00057108.png
57174	good	-1.02963957	good/good_frame_00057174.png
57240	good	-1.09403407	good/good_frame_00057240.png
57306	good	0.82956003	good/good_frame_00057306.png
57372	good	0.66576965	good/good_frame_00057372.png
57438	good	-1.02291304	good/good_frame_00057438.png
57504	good	-1.22967053	good/good_frame_00057504.png
57570	good	1.17380531	good/good_frame_00057570.png
57600	bad	138.35830649	bad/bad_frame_00057600.png
57636	bad	158.64991586	bad/bad_frame_00057636.png
57638	good	-0.59927037	good/good_frame_00057638.png
57705	good	-1.09090659	good/good_frame_00057705.png
57771	good	-1.32158296	good/good_frame_00057771.png
57814	bad	159.75787728	bad/bad_frame_00057814.png
57838	good	-1.25327929	good/good_frame_00057838.png
57844	bad	140.68475768	bad/bad_frame_00057844.png
57856	bad	157.89573425	bad/bad_frame_00057856.png
57906	good	-0.53486123	good/good_frame_00057906.png
57972	good	1.50279061	good/good_frame_00057972.png
58038	good	-0.52423316	good/good_frame_00058038.png
58104	good	-0.99137363	good/good_frame_00058104.png
58170	good	0.22055807	good/good_frame_00058170.png
58236	good	-0.17613618	good/good_frame_00058236.png
58302	good	-0.44353237	good/good_frame_00058302.png
58368	good	-1.25787586	good/good_frame_00058368.png
58420	bad	163.43979201	bad/bad_frame_00058420.png
58435	good	-1.14551721	good/good_frame_00058435.png
58501	good	-0.92794210	good/good_frame_00058501.png
58567	good	-1.09443711	good/good_frame_00058567.png
58634	good	-0.92443071	good/good_frame_00058634.png
58700	good	-1.24494939	good/good_frame_00058700.png
58766	good	-0.75710858	good/good_frame_00058766.png
58832	good	-0.41767475	good/good_frame_00058832.png
58898	good	-1.11203072	good/good_frame_00058898.png
58964	good	-1.12362367	good/good_frame_00058964.png
59030	good	-1.21790116	good/good_frame_00059030.png
59096	good	-1.38683011	good/good_frame_00059096.png
59162	good	-1.09199573	good/good_frame_00059162.png
59228	good	-0.94741250	good/good_frame_00059228.png
59294	good	-0.96308603	good/good_frame_00059294.png
59360	good	-0.92983410	good/good_frame_00059360.png
59426	good	1.75371676	good/good_frame_00059426.png
59492	good	-0.48652092	good/good_frame_00059492.png
59559	good	-0.92215574	good/good_frame_00059559.png
59625	good	-0.78042033	good/good_frame_00059625.png
59691	good	-1.23561522	good/good_frame_00059691.png
59757	good	-0.91706453	good/good_frame_00059757.png
59823	good	-1.11777536	good/good_frame_00059823.png
59829	bad	149.09363042	bad/bad_frame_00059829.png
59890	good	-1.02249124	good/good_frame_00059890.png
59956	good	0.56901917	good/good_frame_00059956.png
60022	good	-0.82905003	good/good_frame_00060022.png
60088	good	-0.68358714	good/good_frame_00060088.png
60154	good	-1.11191922	good/good_frame_00060154.png
60220	good	-0.97376590	good/good_frame_00060220.png
60286	good	-0.74067157	good/good_frame_00060286.png
60352	good	-0.77641417	good/good_frame_00060352.png
60418	good	-0.69414911	good/good_frame_00060418.png
60485	good	0.06944157	good/good_frame_00060485.png
60551	good	-0.64618267	good/good_frame_00060551.png
60617	good	-0.71799124	good/good_frame_00060617.png
60683	good	-0.38251121	good/good_frame_00060683.png
60698	bad	153.36737609	bad/bad_frame_00060698.png
60699	bad	90.06401143	bad/bad_frame_00060699.png
60751	good	-0.62163752	good/good_frame_00060751.png
60817	good	-0.89284274	good/good_frame_00060817.png
60883	good	-0.57110003	good/good_frame_00060883.png
60911	bad	151.21177772	bad/bad_frame_00060911.png
60925	bad	147.26381923	bad/bad_frame_00060925.png
60944	bad	164.87995402	bad/bad_frame_00060944.png
60952	good	-0.88463754	good/good_frame_00060952.png
61018	good	-0.22195709	good/good_frame_00061018.png
61060	bad	150.99578224	bad/bad_frame_00061060.png
61085	good	-0.65392329	good/good_frame_00061085.png
61151	good	-0.89855684	good/good_frame_00061151.png
61217	good	-0.63318320	good/good_frame_00061217.png
61283	good	-0.56616904	good/good_frame_00061283.png
61349	good	-0.67323416	good/good_frame_00061349.png
61416	good	-0.10064791	good/good_frame_00061416.png
61482	good	0.75142523	good/good_frame_00061482.png
61548	good	-0.49523208	good/good_frame_00061548.png
61614	good	-0.47511029	good/good_frame_00061614.png
61680	good	0.05772414	good/good_frame_00061680.png
61746	good	-0.42350538	good/good_frame_00061746.png
61809	bad	159.29848473	bad/bad_frame_00061809.png
61813	good	0.57456962	good/good_frame_00061813.png
61879	good	-1.14795433	good/good_frame_00061879.png
61945	good	-0.88811919	good/good_frame_00061945.png
62011	good	1.14015006	good/good_frame_00062011.png
62077	good	-0.84105247	good/good_frame_00062077.png
62143	good	-0.84004485	good/good_frame_00062143.png
62209	good	0.31625611	good/good_frame_00062209.png
62264	bad	151.73166964	bad/bad_frame_00062264.png
62276	good	-0.69805985	good/good_frame_00062276.png
62343	good	-0.55098773	good/good_frame_00062343.png
62409	good	-0.05539801	good/good_frame_00062409.png
62475	good	-0.43489344	good/good_frame_00062475.png
62497	bad	159.92460376	bad/bad_frame_00062497.png
62542	good	-0.58690515	good/good_frame_00062542.png
62608	good	-0.87332916	good/good_frame_00062608.png
62673	bad	152.98292809	bad/bad_frame_00062673.png
62675	good	0.25902928	good/good_frame_00062675.png
62741	good	-0.79444013	good/good_frame_00062741.png
62807	good	0.20394470	good/good_frame_00062807.png
62873	good	-1.11080617	good/good_frame_00062873.png
62939	good	-0.72902652	good/good_frame_00062939.png
63005	good	-0.80047716	good/good_frame_00063005.png
63071	good	-1.06102449	good/good_frame_00063071.png
63137	good	-0.91839399	good/good_frame_00063137.png
63203	good	-0.60564927	good/good_frame_00063203.png
63270	good	-0.96137522	good/good_frame_00063270.png
63335	bad	106.50006950	bad/bad_frame_00063335.png
63337	good	-0.69562107	good/good_frame_00063337.png
63403	good	-0.81229479	good/good_frame_00063403.png
63469	good	-0.74051983	good/good_frame_00063469.png
63535	good	-0.43554143	good/good_frame_00063535.png
63601	good	-0.71943614	good/good_frame_00063601.png
63667	good	-0.82147642	good/good_frame_00063667.png
63733	good	-1.12230384	good/good_frame_00063733.png
63799	good	0.04630360	good/good_frame_00063799.png
63865	good	6.76745755	good/good_frame_00063865.png
63931	good	0.40577105	good/good_frame_00063931.png
63997	good	-0.51158498	good/good_frame_00063997.png
64063	good	-0.28122991	good/good_frame_00064063.png
64129	good	0.14601779	good/good_frame_00064129.png
64196	good	-0.43952908	good/good_frame_00064196.png
64262	good	-0.44658773	good/good_frame_00064262.png
64328	good	-0.35156311	good/good_frame_00064328.png
64394	good	-0.19340215	good/good_frame_00064394.png
64460	good	-0.12702117	good/good_frame_00064460.png
64526	good	-0.63681054	good/good_frame_00064526.png
64592	good	-0.40824698	good/good_frame_00064592.png
64658	good	-0.78717570	good/good_frame_00064658.png
64724	good	-1.84677788	good/good_frame_00064724.png
64790	good	-1.60729024	good/good_frame_00064790.png
64856	good	-1.71072179	good/good_frame_00064856.png
64922	good	-1.64849121	good/good_frame_00064922.png
64988	good	-1.76216019	good/good_frame_00064988.png
65054	good	-1.82379429	good/good_frame_00065054.png
65121	good	2.02270992	good/good_frame_00065121.png
65187	good	-1.70397286	good/good_frame_00065187.png
65253	good	-1.31234209	good/good_frame_00065253.png
65319	good	-1.46075453	good/good_frame_00065319.png
65385	good	-1.17781473	good/good_frame_00065385.png
65451	good	-1.30957980	good/good_frame_00065451.png
65517	good	-1.77608470	good/good_frame_00065517.png
65583	good	-1.81258665	good/good_frame_00065583.png
65649	good	6.38355738	good/good_frame_00065649.png
65715	good	5.96263949	good/good_frame_00065715.png
65781	good	18.16280012	good/good_frame_00065781.png
65847	good	13.60824663	good/good_frame_00065847.png
65913	good	10.45209554	good/good_frame_00065913.png
65979	good	7.46347920	good/good_frame_00065979.png
66046	good	16.15884049	good/good_frame_00066046.png
